Location_id,address_1,address_2,city,state,zip,county,location_source_value,latitude,longitude,address_type,state_abbr,flag
29591,2 John Brewers Bay,,Charlotte Amalie,VI,00802,,"2 JOHN BREWERS BAY, CHARLOTTE AMALIE, VI 00802",18.344193000000075,-64.97286599999995,Street Address,VI,SUCCESSFUL ADDRESS
32840,9Th Madalaii Hamlet,,Koror,PW,96940,,"9TH MADALAII HAMLET, KOROR, PW 96940",7.342913000000076,134.47404300000005,Street Address,PW,SUCCESSFUL ADDRESS
34146,316 Pennsylvania Avenue,, S.E., Of,20003,,"316 Pennsylvania Avenue, S.E., Washington, District Of Columbia 20003",38.886917,-77.001341,Street Address,Of,SUCCESSFUL ADDRESS
64733,101 Akari Building,,Saipan,MP,96950,,"101 AKARI BUILDING, SAIPAN, MP 96950",13.513895825722882,144.83730326292724,Street Address,MP,SUCCESSFUL ADDRESS
64734,1 Navy Hill Road,,Saipan,MP,96950,,"1 NAVY HILL ROAD, SAIPAN, MP 96950",15.192853216315733,145.71938090180495,Street Address,MP,SUCCESSFUL ADDRESS
70162,6179 Annas Hope,,Christiansted,VI,00820,,"6179 ANNAS HOPE, CHRISTIANSTED, VI 00820",17.727765695867483,-64.7242999369858,Street Address,VI,SUCCESSFUL ADDRESS
54850,1000 Greg Kruschek Ave,,Nome,AK,99762,,"1000 GREG KRUSCHEK AVE, NOME, AK 99762",64.49950291,-165.37840769,Street Address,AK,SUCCESSFUL ADDRESS
13026,435 Standish St,,Anchorage,AK,99504,,"435 STANDISH ST, ANCHORAGE, AK 99504",61.21808900011031,-149.72519399996315,Street Address,AK,SUCCESSFUL ADDRESS
88660,117 Village Rd,,Quinhagak,AK,99655,,"117 VILLAGE RD, QUINHAGAK, AK 99655",59.75107913799248,-161.89767018579454,Street Address,AK,SUCCESSFUL ADDRESS
92971,123 Red Cove Rd,,Sand Point,AK,99661,,"123 RED COVE RD, SAND POINT, AK 99661",55.35150840802858,-160.4758393359398,Street Address,AK,SUCCESSFUL ADDRESS
25210,3250 Tongass Blvd,,Juneau,AK,99801,,"3250 TONGASS BLVD, JUNEAU, AK 99801",58.379763999924,-134.57250600004713,Street Address,AK,SUCCESSFUL ADDRESS
74956,750 Saint Anns Ave,,Douglas,AK,99824,,"750 SAINT ANNS AVE, DOUGLAS, AK 99824",58.275321692788125,-134.39224875976507,Street Address,AK,SUCCESSFUL ADDRESS
95989,800 N Seward Meridian,,Wasilla,AK,99645,,"800 N SEWARD MERIDIAN, WASILLA, AK 99645",61.588157205978,-149.36231021193888,Street Address,AK,SUCCESSFUL ADDRESS
25240,1750 Omalley Rd,,Anchorage,AK,99507,,"1750 OMALLEY RD, ANCHORAGE, AK 99507",61.12304200012161,-149.84977099992224,Street Address,AK,SUCCESSFUL ADDRESS
25014,503 Kit Blvd,,North Pole,AK,99705,,"503 KIT BLVD, NORTH POLE, AK 99705",64.7500509999727,-147.34104700010968,Street Address,AK,SUCCESSFUL ADDRESS
98106,119 Village Rd,,Tuntutuliak,AK,99680,,"119 VILLAGE RD, TUNTUTULIAK, AK 99680",60.34269718312705,-162.66342343881925,Street Address,AK,SUCCESSFUL ADDRESS
54816,1032 Main Street South,,Wedowee,AL,36278,,"1032 MAIN STREET SOUTH, WEDOWEE, AL 36278",33.295332,-85.480689,Street Address,AL,SUCCESSFUL ADDRESS
54744,1736 East Main Street,,Dothan,AL,36301,,"1736 EAST MAIN STREET, DOTHAN, AL 36301",31.2179119100001,-85.3658126299999,Street Address,AL,SUCCESSFUL ADDRESS
54730,4385 Narrow Lane Road,,Montgomery,AL,36116,,"4385 NARROW LANE ROAD, MONTGOMERY, AL 36116",32.32346327,-86.28134483,Street Address,AL,SUCCESSFUL ADDRESS
32535,2936 North Mcvay Drive,,Mobile,AL,36606,,"2936 NORTH MCVAY DRIVE, MOBILE, AL 36606",30.650045000000027,-88.11232399999994,Street Address,AL,SUCCESSFUL ADDRESS
33150,3251 Ross Clark Circle,,Dothan,Alabama,36303,,"3251 Ross Clark Circle, Dothan, Alabama 36303",31.341141,-85.349641,Street Address,AL,SUCCESSFUL ADDRESS
70946,600 Stanley Merrill Drive,,Oxford,AL,36203,,"600 STANLEY MERRILL DRIVE, OXFORD, AL 36203",33.59972653310565,-85.86317937909503,Street Address,AL,SUCCESSFUL ADDRESS
83921,35480 Harriot Avestap,,Stapleton,AL,36578,,"35480 HARRIOT AVESTAP, STAPLETON, AL 36578",30.742340994221564,-87.79017418296091,Street Address,AL,SUCCESSFUL ADDRESS
62203,304 W Montgomery Rd,,Tuskegee,AL,36083,,"304 W Montgomery Rd, Tuskegee, AL 36083",32.42644899970939,-85.69632200003227,Street Address,AL,SUCCESSFUL ADDRESS
74832,959 Huffman Rd,,Birmingham,AL,35215,,"959 HUFFMAN RD, BIRMINGHAM, AL 35215",33.60271097907464,-86.69042689407557,Street Address,AL,SUCCESSFUL ADDRESS
72373,1000 Industrial School Road,,Montgomery,AL,36057,,"1000 INDUSTRIAL SCHOOL ROAD, MONTGOMERY, AL 36057",32.37768756517563,-86.0843250171234,Street Address,AL,SUCCESSFUL ADDRESS
101160,1111 Windover Road,,Jonesboro,AR,72401,,"1111 WINDOVER ROAD, JONESBORO, AR 72401",35.813613337074614,-90.6878832220638,Street Address,AR,SUCCESSFUL ADDRESS
75197,3704 N Rodney Parham Rd,,Little Rock,AR,72212,,"3704 N RODNEY PARHAM RD, LITTLE ROCK, AR 72212",34.78710900931406,-92.40210101932604,Street Address,AR,SUCCESSFUL ADDRESS
75153,1315 W Cypress St,,Rogers,AR,72758,,"1315 W CYPRESS ST, ROGERS, AR 72758",36.33078725027435,-94.13630208891686,Street Address,AR,SUCCESSFUL ADDRESS
83309,504 W Main St,,Bradford,AR,72020,,"504 W MAIN ST, BRADFORD, AR 72020",35.425653463280455,-91.46031094327644,Street Address,AR,SUCCESSFUL ADDRESS
55049,130 Medical Circle,,Nashville,AR,71852,,"130 MEDICAL CIRCLE, NASHVILLE, AR 71852",33.94972276,-93.8805491799999,Street Address,AR,SUCCESSFUL ADDRESS
33761,1325 Harrison Street,,Batesville,Arkansas,72501,,"1325 Harrison Street, Batesville, Arkansas 72501",35.612517,-90.330555,Street Address,AR,SUCCESSFUL ADDRESS
75166,3824 Casey Springs Rd,,Jonesboro,AR,72404,,"3824 CASEY SPRINGS RD, JONESBORO, AR 72404",35.81517043204871,-90.74450711474498,Street Address,AR,SUCCESSFUL ADDRESS
84270,15306 Alexander Rd,,Scott,AR,72142,,"15306 ALEXANDER RD, SCOTT, AR 72142",34.70135673534102,-92.09848576238272,Street Address,AR,SUCCESSFUL ADDRESS
55060,701 Arkansas Boulevard,SUITE 300,Texarkana,AR,71854,,"701 ARKANSAS BOULEVARD, SUITE 300, TEXARKANA, AR 71854",33.4610700200001,-94.0340908699999,Street Address,AR,SUCCESSFUL ADDRESS
30588,201 Donaghey Ave,,Conway,AR,72035,,"201 DONAGHEY AVE, CONWAY, AR 72035",35.07819637900008,-92.45930978399996,Street Address,AR,SUCCESSFUL ADDRESS
9111,2647 W Glendale Ave,STE 14,Phoenix,AZ,85051,,"2647 W GLENDALE AVE STE 14, PHOENIX, AZ 85051",33.538545000305255,-112.11583500033528,Street Address,AZ,SUCCESSFUL ADDRESS
22163,1164 W Juanita Cir,,Mesa,AZ,85210,,"1164 W JUANITA CIR, MESA, AZ 85210",33.38124799967513,-111.8572150004157,Street Address,AZ,SUCCESSFUL ADDRESS
90396,601 North 3Rd Avenue,,Thatcher,AZ,85552,,"601 NORTH 3RD AVENUE, THATCHER, AZ 85552",32.84335329407249,-109.75388194677453,Street Address,AZ,SUCCESSFUL ADDRESS
22154,2340 W Cactus Rd,,Phoenix,AZ,85029,,"2340 W CACTUS RD, PHOENIX, AZ 85029",33.59645799982529,-112.109650999716,Street Address,AZ,SUCCESSFUL ADDRESS
22728,1330 S 2Nd Ave,,Tucson,AZ,85713,,"1330 S 2ND AVE, TUCSON, AZ 85713",32.20505999972093,-110.96236400001912,Street Address,AZ,SUCCESSFUL ADDRESS
54979,2905 West Warner Road,SUITE 1,Chandler,AZ,85224,,"2905 WEST WARNER ROAD, SUITE 1, CHANDLER, AZ 85224",33.3338859900001,-111.89128381,Street Address,AZ,SUCCESSFUL ADDRESS
22001,781 S 2Nd Ave,,Yuma,AZ,85364,,"781 S 2ND AVE, YUMA, AZ 85364",32.71325099973319,-114.62205799966698,Street Address,AZ,SUCCESSFUL ADDRESS
14211,408 N Sacaton St,STE K,Casa Grande,AZ,85122,,"408 N SACATON ST STE K, CASA GRANDE, AZ 85122",32.8790320000535,-111.75465799967267,Street Address,AZ,SUCCESSFUL ADDRESS
10812,21017 W Edith Way,,Buckeye,AZ,85396,,"21017 W EDITH WAY, BUCKEYE, AZ 85396",33.49223300004196,-112.5118170003056,Street Address,AZ,SUCCESSFUL ADDRESS
9310,543 E Speedway Blvd,,Tucson,AZ,85705,,"543 E SPEEDWAY BLVD, TUCSON, AZ 85705",32.23596700011413,-110.96282199977853,Street Address,AZ,SUCCESSFUL ADDRESS
66100,95 Montgomery Drive,,Santa Rosa,CA,95404,,"95 MONTGOMERY DRIVE, SANTA ROSA, CA 95404",37.78477130515353,-122.4148290590583,Street Address,CA,SUCCESSFUL ADDRESS
65764,2050 Irving Street,,San Francisco,CA,94122,,"2050 IRVING STREET, SAN FRANCISCO, CA 94122",40.182386914119,-122.22861939305749,Street Address,CA,SUCCESSFUL ADDRESS
65845,5039 Folsom Boulevard,,Sacramento,CA,95819,,"5039 FOLSOM BOULEVARD, SACRAMENTO, CA 95819",36.919486515550766,-121.78165097948109,Street Address,CA,SUCCESSFUL ADDRESS
66598,2151 Meeker Avenue,,Richmond,CA,94804,,"2151 MEEKER AVENUE, RICHMOND, CA 94804",37.50031963567882,-122.24883005683222,Street Address,CA,SUCCESSFUL ADDRESS
67569,8455 Auburn Folsom Road,,Granite Bay,CA,95746,,"8455 AUBURN FOLSOM ROAD, GRANITE BAY, CA 95746",37.31894230077939,-121.82365253793846,Street Address,CA,SUCCESSFUL ADDRESS
65738,2203 Loveridge Road,,Pittsburg,CA,94565,,"2203 LOVERIDGE ROAD, PITTSBURG, CA 94565",21.34768454061913,-157.72298412418638,Street Address,CA,SUCCESSFUL ADDRESS
69008,2200 East Gonzales Road,,Oxnard,CA,93036,,"2200 EAST GONZALES ROAD, OXNARD, CA 93036",33.7229462613216,-117.77053033818022,Street Address,CA,SUCCESSFUL ADDRESS
75307,4238 Howe St,,Oakland,CA,94611,,"4238 HOWE ST, OAKLAND, CA 94611",37.8285716478753,-122.25069803699022,Street Address,CA,SUCCESSFUL ADDRESS
68963,105 West 5Th Street,,Oxnard,CA,93030,,"105 WEST 5TH STREET, OXNARD, CA 93030",35.128972907048485,-120.597713368369,Street Address,CA,SUCCESSFUL ADDRESS
69663,13331 Beach Boulevard,,Westminster,CA,92683,,"13331 BEACH BOULEVARD, WESTMINSTER, CA 92683",41.49508811256104,-112.01561384929964,Street Address,CA,SUCCESSFUL ADDRESS
87279,126 East Garland,,La Veta,CO,81055,,"126 EAST GARLAND, LA VETA, CO 81055",37.50499967429466,-105.00826008634895,Street Address,CO,SUCCESSFUL ADDRESS
13532,9249 S Broadway,UNIT 200 # 446,Hghlnds Ranch,CO,80129,,"9249 S BROADWAY UNIT 200 # 446, HGHLNDS RANCH, CO 80129",39.54832999970619,-105.00316199978788,Street Address,CO,SUCCESSFUL ADDRESS
24594,5018 Weaver Dr,,Colorado Spgs,CO,80922,,"5018 WEAVER DR, COLORADO SPGS, CO 80922",38.9055780000232,-104.69309799972793,Street Address,CO,SUCCESSFUL ADDRESS
49695,401 S Pierce St,,Denver,Colorado,80206,,"401 S PIERCE ST, Denver, Colorado 80206",39.7091910000001,-105.072068,Street Address,CO,SUCCESSFUL ADDRESS
17051,3176 William Dr,,Grand Jct,CO,81503,,"3176 WILLIAM DR, GRAND JCT, CO 81503",39.02509799987095,-108.4643520003379,Street Address,CO,SUCCESSFUL ADDRESS
87127,4100 Caribou Drive,,Fort Collins,CO,80525,,"4100 CARIBOU DRIVE, FORT COLLINS, CO 80525",40.53255541631996,-105.0315514577119,Street Address,CO,SUCCESSFUL ADDRESS
96973,2701 West 136Th Street,,Broomfield,CO,80020,,"2701 WEST 136TH STREET, BROOMFIELD, CO 80020",39.94411454131925,-105.01952122481688,Street Address,CO,SUCCESSFUL ADDRESS
41229,485 E 2Nd St,,Denver,Colorado,80206,,"485 E 2ND ST, Denver, Colorado 80206",42.8486820000001,-106.320211,Street Address,CO,SUCCESSFUL ADDRESS
11594,3133 Yellowstone Cir,,Fort Collins,CO,80525,,"3133 YELLOWSTONE CIR, FORT COLLINS, CO 80525",40.53002299979367,-105.018820999731,Street Address,CO,SUCCESSFUL ADDRESS
14276,2111 S Pueblo Blvd,,Pueblo,CO,81005,,"2111 S PUEBLO BLVD, PUEBLO, CO 81005",38.2288820002828,-104.66232600036294,Street Address,CO,SUCCESSFUL ADDRESS
61737,950 Campbell Ave,,West Haven,CT,06516,,"950 Campbell Ave, West Haven, CT 06516",41.2843120000031,-72.95730999957775,Street Address,CT,SUCCESSFUL ADDRESS
60857,249 W Main St,,Branford,CT,06405,,"249 W Main St, Branford, CT 06405",41.27630700016198,-72.85360200003757,Street Address,CT,SUCCESSFUL ADDRESS
3929,221 Burnside Ave,,E Hartford,CT,06108,,"221 BURNSIDE AVE, E HARTFORD, CT 06108",41.77545500012013,-72.62981300026337,Street Address,CT,SUCCESSFUL ADDRESS
4293,46 John St,,Wallingford,CT,06492,,"46 JOHN ST, WALLINGFORD, CT 06492",41.44560400018858,-72.83219000036874,Street Address,CT,SUCCESSFUL ADDRESS
4406,17 Tour Ave,,New Haven,CT,06515,,"17 TOUR AVE, NEW HAVEN, CT 06515",41.326472999873054,-72.95905500037333,Street Address,CT,SUCCESSFUL ADDRESS
3751,24 Clapboard Ridge Rd,,Danbury,CT,06811,,"24 CLAPBOARD RIDGE RD, DANBURY, CT 06811",41.40895099991688,-73.46772700018653,Street Address,CT,SUCCESSFUL ADDRESS
4380,180 Boston Ave,,Bridgeport,CT,06610,,"180 BOSTON AVE, BRIDGEPORT, CT 06610",41.201670000318586,-73.18617999995631,Street Address,CT,SUCCESSFUL ADDRESS
62970,335 Main St,,Niantic,CT,06357,,"335 Main St, Niantic, CT 06357",41.323102000227856,-72.19745400044204,Street Address,CT,SUCCESSFUL ADDRESS
4249,31 W Beacon St,,West Hartford,CT,06119,,"31 W BEACON ST, WEST HARTFORD, CT 06119",41.75830299982418,-72.71639999982035,Street Address,CT,SUCCESSFUL ADDRESS
3762,34 Farview Rd,,Brookfield,CT,06804,,"34 FARVIEW RD, BROOKFIELD, CT 06804",41.48231300029642,-73.4042999996704,Street Address,CT,SUCCESSFUL ADDRESS
31414,2400 Sixth St Nw,,Washington,DC,20059,,"2400 SIXTH ST NW, WASHINGTON, DC 20059",38.920738810000046,-77.01947807099998,Street Address,DC,SUCCESSFUL ADDRESS
59902,301 13Th Street Sw,RM 215A,Washington,DC,20228,,"301 13th Street SW RM 215A, Washington, DC 20228",38.8856999999804,-77.0318000000962,Street Address,DC,SUCCESSFUL ADDRESS
61580,1000 U St Nw,Fl 4,Washington,DC,20001,,"1000 U St NW Fl 4, Washington, DC 20001",38.9167740001066,-77.02630500011334,Street Address,DC,SUCCESSFUL ADDRESS
63610,1275 K St Nw,,Washington,DC,20005,,"1275 K St NW, Washington, DC 20005",38.90292600004753,-77.02915100037566,Street Address,DC,SUCCESSFUL ADDRESS
77041,4101 Connecticut Ave Nw,,Washington,DC,20008,,"4101 CONNECTICUT AVE NW, WASHINGTON, DC 20008",38.94242037393233,-77.061892128403,Street Address,DC,SUCCESSFUL ADDRESS
60045,935 Pennsylvania Ave Nw,Rm 8676,Washington,DC,20535,,"935 Pennsylvania Ave NW Rm 8676, Washington, DC 20535",38.89450800033335,-77.0248869995559,Street Address,DC,SUCCESSFUL ADDRESS
60141,409 3Rd St Sw,STE 105,Washington,DC,20024,,"409 3RD ST SW STE 105, WASHINGTON, DC 20024",38.88460699976241,-77.01574199994491,Street Address,DC,SUCCESSFUL ADDRESS
60157,441 G St Nw,Rm 1100,Washington,DC,20548,,"441 G St NW Rm 1100, Washington, DC 20548",38.89908200014423,-77.01754799994156,Street Address,DC,SUCCESSFUL ADDRESS
82611,885 Barnaby Street Se,,Washington,DC,20032,,"885 BARNABY STREET SE, WASHINGTON, DC 20032",38.83179357026521,-76.99062855592824,Street Address,DC,SUCCESSFUL ADDRESS
61579,5656 3Rd St Ne,,Washington,DC,20011,,"5656 3rd St NE, Washington, DC 20011",38.9574740001432,-77.00359299988784,Street Address,DC,SUCCESSFUL ADDRESS
78179,905 N Broom St,,Wilmington,DE,19806,,"905 N BROOM ST, WILMINGTON, DE 19806",39.7513859238904,-75.56296222483502,Street Address,DE,SUCCESSFUL ADDRESS
84338,701 East Basin Road,,New Castle,DE,19720,,"701 EAST BASIN ROAD, NEW CASTLE, DE 19720",39.67054022508308,-75.58698496767137,Street Address,DE,SUCCESSFUL ADDRESS
55843,1240 Mckee Rd,,Dover,DE,19904,,"1240 MCKEE RD, DOVER, DE 19904",39.1773838,-75.5555085999999,Street Address,DE,SUCCESSFUL ADDRESS
78189,28157 Lighthouse Xing,,Dagsboro,DE,19939,,"28157 LIGHTHOUSE XING, DAGSBORO, DE 19939",38.54477472572374,-75.2608556677501,Street Address,DE,SUCCESSFUL ADDRESS
78172,6201 Kennett Pike,,Wilmington,DE,19807,,"6201 KENNETT PIKE, WILMINGTON, DE 19807",39.83064327728856,-75.62464031778238,Street Address,DE,SUCCESSFUL ADDRESS
78160,2370 Red Lion Rd,,Bear,DE,19701,,"2370 RED LION RD, BEAR, DE 19701",39.572263560669874,-75.6955214190502,Street Address,DE,SUCCESSFUL ADDRESS
78171,801 Seymour Rd,,Bear,DE,19701,,"801 SEYMOUR RD, BEAR, DE 19701",39.64420073991479,-75.64462012530889,Street Address,DE,SUCCESSFUL ADDRESS
80325,500 Stockley Street,,Rehoboth Beach,DE,19971,,"500 STOCKLEY STREET, REHOBOTH BEACH, DE 19971",38.70967886014909,-75.08692398011819,Street Address,DE,SUCCESSFUL ADDRESS
78145,2008 Jebb Rd,,Wyoming,DE,19934,,"2008 JEBB RD, WYOMING, DE 19934",39.10178715014472,-75.61864292868867,Street Address,DE,SUCCESSFUL ADDRESS
32567,120 N State St,,Dover,DE,19901,,"120 N STATE ST, DOVER, DE 19901",39.16301171100003,-75.52723423899995,Street Address,DE,SUCCESSFUL ADDRESS
78338,1532 Long Bay Rd,,Middleburg,FL,32068,,"1532 LONG BAY RD, MIDDLEBURG, FL 32068",30.098763689017407,-81.86514296605694,Street Address,FL,SUCCESSFUL ADDRESS
60294,2190 18Th Ave S,,St Petersburg,FL,33712,,"2190 18th Ave S, St Petersburg, FL 33712",27.75178699977296,-82.66280100030806,Street Address,FL,SUCCESSFUL ADDRESS
29113,10119 East Ellicott Street,,Tampa,FL,33610,,"10119 EAST ELLICOTT STREET, TAMPA, FL 33610",27.99062485200005,-82.33228535299997,Street Address,FL,SUCCESSFUL ADDRESS
78469,7777 62Nd Ave N,,St Petersburg,FL,33709,,"7777 62ND AVE N, ST PETERSBURG, FL 33709",27.830285836915632,-82.7455748419268,Street Address,FL,SUCCESSFUL ADDRESS
76861,2151 Crystal Dr,,Fort Myers,FL,33907,,"2151 CRYSTAL DR, FORT MYERS, FL 33907",26.564864801051893,-81.86847993335128,Street Address,FL,SUCCESSFUL ADDRESS
84311,5540 Ramona Blvd,,Jacksonville,FL,32205,,"5540 RAMONA BLVD, JACKSONVILLE, FL 32205",30.313450035312545,-81.74256724007432,Street Address,FL,SUCCESSFUL ADDRESS
78314,401 Se 15Th Ave,,Fort Lauderdale,FL,33301,,"401 SE 15TH AVE, FORT LAUDERDALE, FL 33301",26.11884609061845,-80.12817275965276,Street Address,FL,SUCCESSFUL ADDRESS
103449,9035 Pines Boulevard,,Pembroke Pines,FL,33024,,"9035 PINES BOULEVARD, PEMBROKE PINES, FL 33024",26.00955884318306,-80.26510647531545,Street Address,FL,SUCCESSFUL ADDRESS
103496,2401 Monument Road,,Jacksonville,FL,32225,,"2401 MONUMENT ROAD, JACKSONVILLE, FL 32225",30.358136985643785,-81.50272783989614,Street Address,FL,SUCCESSFUL ADDRESS
29055,2950 Winkler Avenue,UNIT 1201,Fort Myers,FL,33916,,"2950 WINKLER AVENUE UNIT 1201, FORT MYERS, FL 33916",26.60401934100003,-81.85131960899996,Street Address,FL,SUCCESSFUL ADDRESS
81215,2379 Copeland Rd,,Valdosta,GA,31601,,"2379 COPELAND RD, VALDOSTA, GA 31601",30.79146304578505,-83.26205325096632,Street Address,GA,SUCCESSFUL ADDRESS
74078,1181 Georgia Ydc Road Southwest,,Darien,GA,31305,,"1181 GEORGIA YDC ROAD SOUTHWEST, DARIEN, GA 31305",31.41683376015236,-81.45586969238256,Street Address,GA,SUCCESSFUL ADDRESS
59965,4340 Dunwoody Park,,Dunwoody,GA,30338,,"4340 Dunwoody Park, Dunwoody, GA 30338",33.922680000246174,-84.31099000020858,Street Address,GA,SUCCESSFUL ADDRESS
59840,201 3Rd Ave,Bldg 38200,Fort Eisenhower,GA,30905,,"201 3rd Ave Bldg 38200, Fort Eisenhower, GA 30905",33.40238599990073,-82.12793199959935,Street Address,GA,SUCCESSFUL ADDRESS
56394,2200 Patrick Henry Parkway,,Mcdonough,GA,30253,,"2200 PATRICK HENRY PARKWAY, MCDONOUGH, GA 30253",33.48692147,-84.2147095,Street Address,GA,SUCCESSFUL ADDRESS
30172,2025 Satellite Pointe,,Duluth,GA,30096,,"2025 SATELLITE POINTE, DULUTH, GA 30096",33.94886200000007,-84.14792099999994,Street Address,GA,SUCCESSFUL ADDRESS
78657,4 Oglethorpe Professional Blvd,,Savannah,GA,31406,,"4 OGLETHORPE PROFESSIONAL BLVD, SAVANNAH, GA 31406",32.00383731417158,-81.11013356113538,Street Address,GA,SUCCESSFUL ADDRESS
31552,225 North Ave,,Atlanta,GA,30332,,"225 NORTH AVE, ATLANTA, GA 30332",33.773731834000046,-84.39601919199997,Street Address,GA,SUCCESSFUL ADDRESS
77205,12472 Hwy 515 N,,Ellijay,GA,30536,,"12472 HWY 515 N, ELLIJAY, GA 30536",34.71392713794628,-84.45380540105805,Street Address,GA,SUCCESSFUL ADDRESS
74136,2978 State Hwyy 36 W Prison Blvd,,Jackson,GA,30233,,"2978 STATE HWYY 36 W PRISON BLVD, JACKSON, GA 30233",33.22107371659063,-84.06161827361227,Street Address,GA,SUCCESSFUL ADDRESS
59841,414 W Soledad Ave,Ste 100,Hagatna,GU,96910,,"414 W Soledad Ave Ste 100, Hagatna, GU 96910",13.476905000387166,144.74548499977166,Street Address,GU,SUCCESSFUL ADDRESS
56453,133 Route 3,,Dededo,GU,96929,,"133 ROUTE 3, DEDEDO, GU 96929",13.525133,144.823076,Street Address,GU,SUCCESSFUL ADDRESS
73015,1 Mashburn Lane,,Mangilao,GU,96913,,"1 MASHBURN LANE, MANGILAO, GU 96913",13.448201468341846,144.78676322969054,Street Address,GU,SUCCESSFUL ADDRESS
80596,270 Route 10,,Barrigada,GU,96913,,"270 ROUTE 10, BARRIGADA, GU 96913",13.465402531564829,144.80170066295344,Street Address,GU,SUCCESSFUL ADDRESS
80581,156 Canada Toto Road,,Barrigada,GU,96913,,"156 CANADA TOTO ROAD, BARRIGADA, GU 96913",13.471086177394136,144.79356757598413,Street Address,GU,SUCCESSFUL ADDRESS
64931,388 Ypao Road,,Tamuning,GU,96913,,"388 YPAO ROAD, TAMUNING, GU 96913",37.74007171408658,-121.44939361254175,Street Address,GU,SUCCESSFUL ADDRESS
64935,202 Farenholt Avenue,,Tamuning,GU,96913,,"202 FARENHOLT AVENUE, TAMUNING, GU 96913",61.18132861952243,-149.83538280978067,Street Address,GU,SUCCESSFUL ADDRESS
80583,400 Gayinero Drive,,Yigo,GU,96929,,"400 GAYINERO DRIVE, YIGO, GU 96929",13.534563904293602,144.89463798530622,Street Address,GU,SUCCESSFUL ADDRESS
74423,169 San Isidro St,,Mangilao,GU,96923,,"169 SAN ISIDRO ST, MANGILAO, GU 96923",13.450689430619766,144.79785470446024,Street Address,GU,SUCCESSFUL ADDRESS
79908,1180 Padiron Lagu Rt 15,,Yigo,GU,96929,,"1180 PADIRON LAGU RT 15, YIGO, GU 96929",13.55587046263108,144.91800735289368,Street Address,GU,SUCCESSFUL ADDRESS
31322,400 Sand Island Parkway,,Honolulu,HI,96819,,"400 SAND ISLAND PARKWAY, HONOLULU, HI 96819",21.30536253100008,-157.87310660099996,Street Address,HI,SUCCESSFUL ADDRESS
61808,1259 Aala St,Ste 205,Honolulu,HI,96817,,"1259 Aala St Ste 205, Honolulu, HI 96817",21.316107000275696,-157.86173399979157,Street Address,HI,SUCCESSFUL ADDRESS
61358,1099 Alakea St,Ste 100,Honolulu,HI,96813,,"1099 Alakea St Ste 100, Honolulu, HI 96813",21.30822799980212,-157.85940300008835,Street Address,HI,SUCCESSFUL ADDRESS
56465,3675 Kilauea Avenue,,Honolulu,HI,96816,,"3675 KILAUEA AVENUE, HONOLULU, HI 96816",21.2732550800001,-157.80149345,Street Address,HI,SUCCESSFUL ADDRESS
61821,585 Port Royal St,,Honolulu,HI,96818,,"585 Port Royal St, Honolulu, HI 96818",21.355013999907005,-157.9551760001625,Street Address,HI,SUCCESSFUL ADDRESS
65116,130 Prison Street,,Lahaina,HI,96761,,"130 PRISON STREET, LAHAINA, HI 96761",66.89598044715457,-162.5864521758451,Street Address,HI,SUCCESSFUL ADDRESS
61583,632 Kinoole St,,Hilo,HI,96720,,"632 KINOOLE ST, HILO, HI 96720",19.71822400006511,-155.08524999957302,Street Address,HI,SUCCESSFUL ADDRESS
99601,550 Paiea Street,,Honolulu,HI,96819,,"550 PAIEA STREET, HONOLULU, HI 96819",21.335461444466706,-157.91635793362985,Street Address,HI,SUCCESSFUL ADDRESS
65119,810 Haiku Road,,Haiku,HI,96708,,"810 HAIKU ROAD, HAIKU, HI 96708",71.293041776788,-156.77894682352033,Street Address,HI,SUCCESSFUL ADDRESS
64333,25 Kaneohe Bay Dr,,Kailua,HI,96734,,"25 Kaneohe Bay Dr, Kailua, HI 96734",21.42329999987693,-157.7489500002374,Street Address,HI,SUCCESSFUL ADDRESS
101403,6911 C Avenue Northeast,,Cedar Rapids,IA,52402,,"6911 C AVENUE NORTHEAST, CEDAR RAPIDS, IA 52402",42.04717555844851,-91.63939234544544,Street Address,IA,SUCCESSFUL ADDRESS
32949,1 University Place,,Lamoni,IA,50140,,"1 UNIVERSITY PLACE, LAMONI, IA 50140",40.615966000000064,-93.92489299999993,Street Address,IA,SUCCESSFUL ADDRESS
36066,612 1St Street,,Bonaparte,Iowa,52620,,"612 1st Street, Bonaparte, Iowa 52620",40.856721,-91.833495,Street Address,IA,SUCCESSFUL ADDRESS
37344,201 Main Street,,Yale,Iowa,50277,,"201 Main Street, Yale, Iowa 50277",41.775783,-94.354888,Street Address,IA,SUCCESSFUL ADDRESS
70746,201 Nile Kinnick Drive North,,Adel,IA,50003,,"201 NILE KINNICK DRIVE NORTH, ADEL, IA 50003",41.618466980987726,-94.0179776806854,Street Address,IA,SUCCESSFUL ADDRESS
34040,301 South Main Street,,Mount Pleasant,Iowa,52641,,"301 South Main Street, Mount Pleasant, Iowa 52641",40.964006,-91.553687,Street Address,IA,SUCCESSFUL ADDRESS
33872,405 Fifth Street,,Ames,Iowa,50010,,"405 Fifth Street, Ames, Iowa 50010",42.025878,-93.616092,Street Address,IA,SUCCESSFUL ADDRESS
29254,603 E Sixth St,,Des Moines,IA,50309,,"603 E SIXTH ST, DES MOINES, IA 50309",41.59224843800007,-93.610192655,Street Address,IA,SUCCESSFUL ADDRESS
57007,1202 21St Avenue,,Rock Valley,IA,51247,,"1202 21ST AVENUE, ROCK VALLEY, IA 51247",43.2027938700001,-96.2839682599999,Street Address,IA,SUCCESSFUL ADDRESS
35313,126 West 6Th,,Carroll,Iowa,51401,,"126 West 6th, Carroll, Iowa 51401",42.468507,-93.820931,Street Address,IA,SUCCESSFUL ADDRESS
24792,75 Bunch Dr,,Garden Valley,ID,83622,,"75 BUNCH DR, GARDEN VALLEY, ID 83622",44.19269499985182,-115.94174099994964,Street Address,ID,SUCCESSFUL ADDRESS
94812,6621 Courcelles Parkway,,Coeur D'Alene,ID,83815,,"6621 COURCELLES PARKWAY, COEUR D'ALENE, ID 83815",47.732513888713925,-116.81867597696352,Street Address,ID,SUCCESSFUL ADDRESS
15019,534 Homestead Loop,,Bonners Ferry,ID,83805,,"534 HOMESTEAD LOOP, BONNERS FERRY, ID 83805",48.73048999995738,-116.30891200036233,Street Address,ID,SUCCESSFUL ADDRESS
47962,4080 Yellowstone Ave,,Burley,Idaho,83318,,"4080 YELLOWSTONE AVE, Burley, Idaho 83318",42.9073860000001,-112.466083,Street Address,ID,SUCCESSFUL ADDRESS
17620,2322 W Roosevelt Ave,,Nampa,ID,83686,,"2322 W ROOSEVELT AVE, NAMPA, ID 83686",43.56872699987712,-116.6086919999131,Street Address,ID,SUCCESSFUL ADDRESS
45383,886 Blue Lakes Blvd N,,Twin Falls,Idaho,83303,,"886 BLUE LAKES BLVD N, Twin Falls, Idaho 83303",42.577368,-114.460323,Street Address,ID,SUCCESSFUL ADDRESS
88136,2959 East John Adams Parkway,,Ammon,ID,83406,,"2959 EAST JOHN ADAMS PARKWAY, AMMON, ID 83406",43.49153503282093,-111.97535438558792,Street Address,ID,SUCCESSFUL ADDRESS
99522,1951 Bench Road,,Pocatello,ID,83201,,"1951 BENCH ROAD, POCATELLO, ID 83201",42.91007857694808,-112.42744866612554,Street Address,ID,SUCCESSFUL ADDRESS
97661,450 East Valley View Drive,,Preston,ID,83263,,"450 EAST VALLEY VIEW DRIVE, PRESTON, ID 83263",42.08286194084424,-111.86468609100436,Street Address,ID,SUCCESSFUL ADDRESS
99452,400 Schweitzer Plaza Drive,,Ponderay,ID,83852,,"400 SCHWEITZER PLAZA DRIVE, PONDERAY, ID 83852",48.30536967816075,-116.54256247445856,Street Address,ID,SUCCESSFUL ADDRESS
77602,2018 N Richmond St,,Chicago,IL,60647,,"2018 N RICHMOND ST, CHICAGO, IL 60647",41.91840324387476,-87.6987886032434,Street Address,IL,SUCCESSFUL ADDRESS
29723,5416 S Cornell Ave,,Chicago,IL,60615,,"5416 S CORNELL AVE, CHICAGO, IL 60615",41.79789486400006,-87.58598891799993,Street Address,IL,SUCCESSFUL ADDRESS
73924,37040 State Route 102,,Manteno,IL,60950,,"37040 STATE ROUTE 102, MANTENO, IL 60950",41.212536749768056,-88.01696169499579,Street Address,IL,SUCCESSFUL ADDRESS
30410,6000 East State Street,4TH FLOOR,Rockford,IL,61108,,"6000 EAST STATE STREET, 4TH FLOOR, ROCKFORD, IL 61108",42.26762766300005,-88.99885399999995,Street Address,IL,SUCCESSFUL ADDRESS
71464,1125 Collins St,,Joliet,IL,60432,,"1125 COLLINS ST, JOLIET, IL 60432",41.5468804550822,-88.0742800253948,Street Address,IL,SUCCESSFUL ADDRESS
56709,12866 Troxler Avenue,,Highland,IL,62249,,"12866 TROXLER AVENUE, HIGHLAND, IL 62249",38.7545837500001,-89.66759838,Street Address,IL,SUCCESSFUL ADDRESS
77583,14611 Keeler Ave,,Midlothian,IL,60445,,"14611 KEELER AVE, MIDLOTHIAN, IL 60445",41.626983041756645,-87.7224347345834,Street Address,IL,SUCCESSFUL ADDRESS
73850,211 North Shamrock Street,,East Alton,IL,62024,,"211 NORTH SHAMROCK STREET, EAST ALTON, IL 62024",38.883051316019,-90.11111731313736,Street Address,IL,SUCCESSFUL ADDRESS
77555,6050 N California Ave,,Chicago,IL,60659,,"6050 N CALIFORNIA AVE, CHICAGO, IL 60659",41.99176922701243,-87.69973717567441,Street Address,IL,SUCCESSFUL ADDRESS
73825,805 West Freeman Street,,Carbondale,IL,62901,,"805 WEST FREEMAN STREET, CARBONDALE, IL 62901",37.71977260682196,-89.22421443905306,Street Address,IL,SUCCESSFUL ADDRESS
79655,432 W 300 N,,Anderson,IN,46012,,"432 W 300 N, ANDERSON, IN 46012",40.1502334589598,-85.68017618417207,Street Address,IN,SUCCESSFUL ADDRESS
56917,1909 Carew Street,,Fort Wayne,IN,46805,,"1909 CAREW STREET, FORT WAYNE, IN 46805",41.09362544,-85.1084820199999,Street Address,IN,SUCCESSFUL ADDRESS
61503,728 Locust St,,Evansville,IN,47708,,"728 Locust ST, Evansville, IN 47708",37.97353500027344,-87.56601500003453,Street Address,IN,SUCCESSFUL ADDRESS
59933,126 S 3Rd St,,Terre Haute,IN,47807,,"126 S 3rd St, Terre Haute, IN 47807",39.46494200002979,-87.41347600008947,Street Address,IN,SUCCESSFUL ADDRESS
79612,4005 N 1150 W,,Shipshewana,IN,46565,,"4005 N 1150 W, SHIPSHEWANA, IN 46565",41.69748933469994,-85.64886849604697,Street Address,IN,SUCCESSFUL ADDRESS
56824,1500 N Ritter Ave,,Indianapolis,IN,46219,,"1500 N RITTER AVE, INDIANAPOLIS, IN 46219",39.78731372,-86.07549818,Street Address,IN,SUCCESSFUL ADDRESS
79761,10928 N Henley Rd,,Marshall,IN,47859,,"10928 N HENLEY RD, MARSHALL, IN 47859",39.84279531494556,-86.9464890723776,Street Address,IN,SUCCESSFUL ADDRESS
62365,1315 Southwind Dr,,Michigan City,IN,46360,,"1315 Southwind Dr, Michigan City, IN 46360",41.66686299990343,-86.90118499971196,Street Address,IN,SUCCESSFUL ADDRESS
35211,302 South Main Street,,Cloverdale,Indiana,46120,,"302 South Main Street, Cloverdale, Indiana 46120",39.50797,-86.794307,Street Address,IN,SUCCESSFUL ADDRESS
63338,602 N Main St,,Mishawaka,IN,46545,,"602 N Main St, Mishawaka, IN 46545",41.66675899997392,-86.18104600043401,Street Address,IN,SUCCESSFUL ADDRESS
78856,11505 Johnson Dr,,Shawnee,KS,66203,,"11505 JOHNSON DR, SHAWNEE, KS 66203",39.02226280597564,-94.717780647961,Street Address,KS,SUCCESSFUL ADDRESS
57191,3333 North Webb Road,,Wichita,KS,67226,,"3333 NORTH WEBB ROAD, WICHITA, KS 67226",37.74357302,-97.22721519,Street Address,KS,SUCCESSFUL ADDRESS
78908,6655 E 34Th St N,,Wichita,KS,67226,,"6655 E 34TH ST N, WICHITA, KS 67226",37.74780407885588,-97.2609566522938,Street Address,KS,SUCCESSFUL ADDRESS
78854,8101 W 95Th St,,Overland Park,KS,66212,,"8101 W 95TH ST, OVERLAND PARK, KS 66212",38.95626306810666,-94.67985268341576,Street Address,KS,SUCCESSFUL ADDRESS
28270,6727 W Central,,Wichita,KS,67212,,"6727 W CENTRAL, WICHITA, KS 67212",37.693651935000055,-97.422663082,Street Address,KS,SUCCESSFUL ADDRESS
52761,403 3Rd Avenue,,Rolla,KS,67954,,"403 3rd Avenue, Rolla, KS 67954",37.1199267887745,-101.6321431977267,Street Address,KS,SUCCESSFUL ADDRESS
80496,300 E Amos,,Hesston,KS,67062,,"300 E AMOS, HESSTON, KS 67062",38.14115507887324,-97.4287428967951,Street Address,KS,SUCCESSFUL ADDRESS
35416,1201 West Amity Street,,Louisburg,Kansas,66053,,"1201 West Amity Street, Louisburg, Kansas 66053",38.620913,-94.689382,Street Address,KS,SUCCESSFUL ADDRESS
35366,620 Fourth Street,,Centralia,Kansas,66415,,"620 Fourth Street, Centralia, Kansas 66415",39.724391,-96.129935,Street Address,KS,SUCCESSFUL ADDRESS
52771,1623 South Greenwich Road,,Geuda Springs,KS,67051,,"1623 South Greenwich Road, Geuda Springs, KS 67051",37.05348256311366,-97.20241629737876,Street Address,KS,SUCCESSFUL ADDRESS
57304,11203 Main Street,,Martin,KY,41649,,"11203 MAIN STREET, MARTIN, KY 41649",37.57882455,-82.75030775,Street Address,KY,SUCCESSFUL ADDRESS
55903,650 Joel Drive,,Fort Campbell,KY,42223,,"650 JOEL DRIVE, FORT CAMPBELL, KY 42223",36.6366409,-87.4474845,Street Address,KY,SUCCESSFUL ADDRESS
57297,1100 Brookhaven Road,,Franklin,KY,42135,,"1100 BROOKHAVEN ROAD, FRANKLIN, KY 42135",36.7000175800001,-86.5768283899999,Street Address,KY,SUCCESSFUL ADDRESS
79822,1775 Patriot Drive,,Madisonville,KY,42431,,"1775 PATRIOT DRIVE, MADISONVILLE, KY 42431",37.33155008207586,-87.47079378922531,Street Address,KY,SUCCESSFUL ADDRESS
28331,3612 Lexington Road,,Richmond,KY,40475,,"3612 LEXINGTON ROAD, RICHMOND, KY 40475",37.87515000000007,-84.34150099999994,Street Address,KY,SUCCESSFUL ADDRESS
103242,7926 Preston Highway,,Louisville,KY,40219,,"7926 PRESTON HIGHWAY, LOUISVILLE, KY 40219",38.13688026036944,-85.68701632146136,Street Address,KY,SUCCESSFUL ADDRESS
31123,3101 Bardstown Rd,,Louisville,KY,40205,,"3101 BARDSTOWN RD, LOUISVILLE, KY 40205",38.21282444600007,-85.67048849999996,Street Address,KY,SUCCESSFUL ADDRESS
34051,1854 Midland Trail,,Shelbyville,Kentucky,40065,,"1854 Midland Trail, Shelbyville, Kentucky 40065",38.221922,-85.344816,Street Address,KY,SUCCESSFUL ADDRESS
34432,1595 Veterans Memorial Hwy,,Scottsville,Kentucky,42164,,"1595 Veterans Memorial Hwy, Scottsville, Kentucky 42164",36.801031,-86.360054,Street Address,KY,SUCCESSFUL ADDRESS
81358,3987 Dixie Hwy,,Dry Ridge,KY,41035,,"3987 DIXIE HWY, DRY RIDGE, KY 41035",38.72580120286488,-84.60099537006741,Street Address,KY,SUCCESSFUL ADDRESS
79273,7027 Milne Blvd,,New Orleans,LA,70124,,"7027 MILNE BLVD, NEW ORLEANS, LA 70124",30.01885328209881,-90.11032173717165,Street Address,LA,SUCCESSFUL ADDRESS
79156,6741 Hwy 79,,Haynesville,LA,71038,,"6741 HWY 79, HAYNESVILLE, LA 71038",32.950529250042386,-93.12385464959736,Street Address,LA,SUCCESSFUL ADDRESS
82170,6041 Hwy 2,,Sarepta,LA,71071,,"6041 HWY 2, SAREPTA, LA 71071",32.90034798894984,-93.44665262094932,Street Address,LA,SUCCESSFUL ADDRESS
57459,64030 Highway 434,FL 2,Lacombe,LA,70445,,"64030 HIGHWAY 434, FL 2, LACOMBE, LA 70445",30.35756056,-89.9154395099999,Street Address,LA,SUCCESSFUL ADDRESS
73503,671 State Hwy 845,,Grayson,LA,71435,,"671 STATE HWY 845, GRAYSON, LA 71435",32.03740140798337,-92.1374654757055,Street Address,LA,SUCCESSFUL ADDRESS
100702,4451 State Highway 1 South,,Port Allen,LA,70767,,"4451 STATE HIGHWAY 1 SOUTH, PORT ALLEN, LA 70767",30.405801852091308,-91.2296178632327,Street Address,LA,SUCCESSFUL ADDRESS
60691,1555 E 70Th St,,Shreveport,LA,71105,,"1555 E 70th St, Shreveport, LA 71105",32.44293300011113,-93.72275200014136,Street Address,LA,SUCCESSFUL ADDRESS
70957,203 South Third Street,,Leesville,LA,71446,,"203 SOUTH THIRD STREET, LEESVILLE, LA 71446",31.14233498835232,-93.26057140070893,Street Address,LA,SUCCESSFUL ADDRESS
79261,821 General Pershing St,,New Orleans,LA,70115,,"821 GENERAL PERSHING ST, NEW ORLEANS, LA 70115",29.924823269942475,-90.1253110044429,Street Address,LA,SUCCESSFUL ADDRESS
79200,8800 Veterans Memorial Blvd,,Metairie,LA,70003,,"8800 VETERANS MEMORIAL BLVD, METAIRIE, LA 70003",30.003951878087843,-90.22253356917864,Street Address,LA,SUCCESSFUL ADDRESS
49734,293 Madaket Road,,Nantucket,MA,02554,,"293 Madaket Road, Nantucket, MA 02554",41.274227091033225,-70.19462934852159,Street Address,MA,SUCCESSFUL ADDRESS
2860,13 Knight Rd,,Framingham,MA,01701,,"13 KNIGHT RD, FRAMINGHAM, MA 01701",42.30593499997761,-71.45357500036846,Street Address,MA,SUCCESSFUL ADDRESS
62879,874 East St,,Walpole,MA,02081,,"874 East St, Walpole, MA 02081",42.14687100005361,-71.24834199995502,Street Address,MA,SUCCESSFUL ADDRESS
400,20 Dorcar Rd,,Newton,MA,02467,,"20 DORCAR RD, NEWTON, MA 02467",42.30278499979551,-71.17388099999057,Street Address,MA,SUCCESSFUL ADDRESS
57705,41 Mall Road,,Burlington,MA,01806,,"41 MALL ROAD, BURLINGTON, MA 01806",42.4846650000001,-71.2052649999999,Street Address,MA,SUCCESSFUL ADDRESS
2083,453 Taunton Ave,,Seekonk,MA,02771,,"453 TAUNTON AVE, SEEKONK, MA 02771",41.826933999945375,-71.32722599984959,Street Address,MA,SUCCESSFUL ADDRESS
2709,7 Mohawk Dr,,Gardner,MA,01440,,"7 MOHAWK DR, GARDNER, MA 01440",42.561941999963615,-72.01525200009634,Street Address,MA,SUCCESSFUL ADDRESS
3211,25 Francis St,,Worcester,MA,01606,,"25 FRANCIS ST, WORCESTER, MA 01606",42.30986699990138,-71.79669299999112,Street Address,MA,SUCCESSFUL ADDRESS
61696,33 Avenue Louis Pasteur,,Boston,MA,02115,,"33 Avenue Louis Pasteur, Boston, MA 02115",42.33935200014702,-71.10230300009839,Street Address,MA,SUCCESSFUL ADDRESS
57769,3 Randolph Street,,Canton,MA,02021,,"3 RANDOLPH STREET, CANTON, MA 02021",42.17599054,-71.12525626,Street Address,MA,SUCCESSFUL ADDRESS
63595,111 Rockville Pike,Ste 100,Rockville,MD,20850,,"111 Rockville Pike Ste 100, Rockville, MD 20850",39.07428899978022,-77.13494199992192,Street Address,MD,SUCCESSFUL ADDRESS
35484,3301 Boston Street,,Baltimore,Maryland,21224,,"3301 Boston Street, Baltimore, Maryland 21224",39.698687,-76.063569,Street Address,MD,SUCCESSFUL ADDRESS
54471,2609 Leahy Street,,Baltimore,MD,21230,,"2609 Leahy Street, Baltimore, MD 21230",39.26584410103633,-76.57895829968263,Street Address,MD,SUCCESSFUL ADDRESS
64067,101 Wilson Rd,,Annapolis,MD,21402,,"101 Wilson Rd, Annapolis, MD 21402",38.982000000031626,-76.48060000032304,Street Address,MD,SUCCESSFUL ADDRESS
79465,6401 S Orchard Rd,,Linthicum Heights,MD,21090,,"6401 S ORCHARD RD, LINTHICUM HEIGHTS, MD 21090",39.20219413992001,-76.6449578721532,Street Address,MD,SUCCESSFUL ADDRESS
79490,8501 Loch Raven Blvd,,Towson,MD,21286,,"8501 LOCH RAVEN BLVD, TOWSON, MD 21286",39.39208114690778,-76.56371600304696,Street Address,MD,SUCCESSFUL ADDRESS
79501,3610 Commerce Dr,STE 804,Halethorpe,MD,21227,,"3610 COMMERCE DR STE 804, HALETHORPE, MD 21227",39.2752398547828,-76.7287699731026,Street Address,MD,SUCCESSFUL ADDRESS
64111,1179 Annapolis Rd,,Odenton,MD,21113,,"1179 Annapolis Rd, Odenton, MD 21113",39.08170899982992,-76.69055100021939,Street Address,MD,SUCCESSFUL ADDRESS
79560,95 Catalpa Dr,STE 100,La Plata,MD,20646,,"95 CATALPA DR STE 100, LA PLATA, MD 20646",38.51646422071434,-76.98287043833496,Street Address,MD,SUCCESSFUL ADDRESS
71066,411 Naylor Mill Rd,,Salisbury,MD,21801,,"411 NAYLOR MILL RD, SALISBURY, MD 21801",38.4105306210128,-75.58142010389123,Street Address,MD,SUCCESSFUL ADDRESS
1401,118 Anderson St,,Portland,ME,04101,,"118 ANDERSON ST, PORTLAND, ME 04101",43.66657999978851,-70.255719999867,Street Address,ME,SUCCESSFUL ADDRESS
39,95 High St,,Belfast,ME,04915,,"95 HIGH ST, BELFAST, ME 04915",44.42503499968454,-69.00430700015521,Street Address,ME,SUCCESSFUL ADDRESS
166,510 Ocean Ave,,Portland,ME,04103,,"510 OCEAN AVE, PORTLAND, ME 04103",43.68486300032136,-70.26993000018884,Street Address,ME,SUCCESSFUL ADDRESS
30277,11 Hills Beach Rd,,Biddeford,ME,04005,,"11 HILLS BEACH RD, BIDDEFORD, ME 04005",43.458591188000064,-70.38534950099995,Street Address,ME,SUCCESSFUL ADDRESS
57582,123 Medical Center Drive,,Brunswick,ME,04011,,"123 MEDICAL CENTER DRIVE, BRUNSWICK, ME 04011",43.9062963700001,-69.8901815899999,Street Address,ME,SUCCESSFUL ADDRESS
96,29 Main Rd,,Charleston,ME,04422,,"29 MAIN RD, CHARLESTON, ME 04422",45.08345099988903,-69.03967899990062,Street Address,ME,SUCCESSFUL ADDRESS
79404,251 Old County Road,,Brownfield,ME,04010,,"251 OLD COUNTY ROAD, BROWNFIELD, ME 04010",43.91542950418119,-70.97952934741092,Street Address,ME,SUCCESSFUL ADDRESS
525,80 Pleasant Hill Rd,,Hollis Center,ME,04042,,"80 PLEASANT HILL RD, HOLLIS CENTER, ME 04042",43.62648299973635,-70.6384139997804,Street Address,ME,SUCCESSFUL ADDRESS
235,97 Allen Ave,,Portland,ME,04103,,"97 ALLEN AVE, PORTLAND, ME 04103",43.69194899998515,-70.2927660002629,Street Address,ME,SUCCESSFUL ADDRESS
146,443 Smart Rd,,Parkman,ME,04443,,"443 SMART RD, PARKMAN, ME 04443",45.06400500012317,-69.42548699986494,Street Address,ME,SUCCESSFUL ADDRESS
31859,815 S State St,,Davison,MI,48423,,"815 S STATE ST, DAVISON, MI 48423",43.02176531200006,-83.51654195999998,Street Address,MI,SUCCESSFUL ADDRESS
64185,30419 6 Mile Rd,,Livonia,MI,48152,,"30419  6 Mile Rd, Livonia, MI 48152",42.411748999853366,-83.34645499978,Street Address,MI,SUCCESSFUL ADDRESS
53791,18601 Ryan Road,,Detroit,MI,48234,,"18601 Ryan Road, Detroit, MI 48234",42.42996736250258,-83.06311006283114,Street Address,MI,SUCCESSFUL ADDRESS
82948,219 N Comstock St,,Addison,MI,49220,,"219 N COMSTOCK ST, ADDISON, MI 49220",41.98845860230226,-84.3430958513451,Street Address,MI,SUCCESSFUL ADDRESS
102044,990 West Ann Arbor Trail,,Plymouth,MI,48170,,"990 WEST ANN ARBOR TRAIL, PLYMOUTH, MI 48170",42.37048651877017,-83.47116885268272,Street Address,MI,SUCCESSFUL ADDRESS
29592,35005 Michigan Avenue,,Wayne,MI,48184,,"35005 MICHIGAN AVENUE, WAYNE, MI 48184",42.28070143000007,-83.38183458599997,Street Address,MI,SUCCESSFUL ADDRESS
54046,5250 15 Mile Road,,Sterling Heights,MI,48310,,"5250 15 Mile Road, Sterling Heights, MI 48310",42.55002180881021,-83.05521440777794,Street Address,MI,SUCCESSFUL ADDRESS
53918,20550 Sumpter Road,,Belleville,MI,48111,,"20550 Sumpter Road, Belleville, MI 48111",42.15316772464477,-83.48253631574767,Street Address,MI,SUCCESSFUL ADDRESS
52685,310 Bringold Avenue,,Lake,MI,48632,,"310 Bringold Avenue, Lake, MI 48632",43.9610414530592,-84.94936761668521,Street Address,MI,SUCCESSFUL ADDRESS
57929,555 Linn Street,,Allegan,MI,49010,,"555 LINN STREET, ALLEGAN, MI 49010",42.5199662000001,-85.85637031,Street Address,MI,SUCCESSFUL ADDRESS
61621,5721 Grand Ave,,Duluth,MN,55807,,"5721 Grand Ave, Duluth, MN 55807",46.73868600016751,-92.16996300004612,Street Address,MN,SUCCESSFUL ADDRESS
37187,423 Main Street,,Sauk Centre,Minnesota,56378,,"423 Main Street, Sauk Centre, Minnesota 56378",45.73481,-94.951873,Street Address,MN,SUCCESSFUL ADDRESS
58029,512 Skyline Boulevard,,Cloquet,MN,55720,,"512 SKYLINE BOULEVARD, CLOQUET, MN 55720",46.73129083,-92.4620196399999,Street Address,MN,SUCCESSFUL ADDRESS
62809,600 W 3Rd Ave N,,Aurora,MN,55705,,"600 W 3rd Ave N, Aurora, MN 55705",47.530711000069054,-92.24937099982232,Street Address,MN,SUCCESSFUL ADDRESS
82211,123 2Nd Ave,,Evansville,MN,56326,,"123 2ND AVE, EVANSVILLE, MN 56326",46.00618616713268,-95.68809029032712,Street Address,MN,SUCCESSFUL ADDRESS
101320,400 East 3Rd Street,,Duluth,MN,55805,,"400 EAST 3RD STREET, DULUTH, MN 55805",46.792878383125256,-92.09588755700162,Street Address,MN,SUCCESSFUL ADDRESS
101522,6060 Clearwater Drive,,Minnetonka,MN,55343,,"6060 CLEARWATER DRIVE, MINNETONKA, MN 55343",44.89202669077462,-93.44127102788116,Street Address,MN,SUCCESSFUL ADDRESS
58075,701 Hewitt Boulevard,,Red Wing,MN,55066,,"701 HEWITT BOULEVARD, RED WING, MN 55066",44.5602295900001,-92.57194581,Street Address,MN,SUCCESSFUL ADDRESS
101371,17599 Kenwood Trail,,Lakeville,MN,55044,,"17599 KENWOOD TRAIL, LAKEVILLE, MN 55044",44.694147726754935,-93.28588646874658,Street Address,MN,SUCCESSFUL ADDRESS
58077,501 North State Street,,Waseca,MN,56093,,"501 NORTH STATE STREET, WASECA, MN 56093",44.08172898,-93.50822249,Street Address,MN,SUCCESSFUL ADDRESS
33902,202 D Street,,Creighton,Missouri,64739,,"202 D Street, Creighton, Missouri 64739",38.494287,-94.073602,Street Address,MO,SUCCESSFUL ADDRESS
58281,10918 Elm Avenue,,Kansas City,MO,64134,,"10918 ELM AVENUE, KANSAS CITY, MO 64134",38.9243011,-94.4811888999999,Street Address,MO,SUCCESSFUL ADDRESS
33817,1513 North Missouri Street,,Macon,Missouri,63552,,"1513 North Missouri Street, Macon, Missouri 63552",39.654383,-91.734672,Street Address,MO,SUCCESSFUL ADDRESS
58359,307 North Main,,Windsor,MO,65360,,"307 NORTH MAIN, WINDSOR, MO 65360",38.5341333100001,-93.51852932,Street Address,MO,SUCCESSFUL ADDRESS
37480,227 North Lafayette Street,,Corder,Missouri,64021,,"227 North Lafayette Street, Corder, Missouri 64021",39.099081,-93.64083,Street Address,MO,SUCCESSFUL ADDRESS
62685,663 W Highway 60,,Monett,MO,65708,,"663 W Highway 60, Monett, MO 65708",36.91452900021791,-93.92883300030157,Street Address,MO,SUCCESSFUL ADDRESS
58390,500 Medical Drive,,Wentzville,MO,63385,,"500 MEDICAL DRIVE, WENTZVILLE, MO 63385",38.8221504100001,-90.8807209999999,Street Address,MO,SUCCESSFUL ADDRESS
33816,901 S Business Hwy 61,,Bowling Green,Missouri,63334,,"901 S Business Hwy 61, Bowling Green, Missouri 63334",39.347664,-91.205902,Street Address,MO,SUCCESSFUL ADDRESS
33921,1100 Sterling Drive,,Poplar Bluff,Missouri,63901,,"1100 Sterling Drive, Poplar Bluff, Missouri 63901",36.493786,-90.074103,Street Address,MO,SUCCESSFUL ADDRESS
33658,113 East Newton Street,,Versailles,Missouri,65084,,"113 East Newton Street, Versailles, Missouri 65084",38.431629,-92.841351,Street Address,MO,SUCCESSFUL ADDRESS
101162,12207 United States Highway 49,,Gulfport,MS,39503,,"12207 UNITED STATES HIGHWAY 49, GULFPORT, MS 39503",30.46229956740421,-89.10218388188439,Street Address,MS,SUCCESSFUL ADDRESS
100948,602 United States Highway 51,,Brookhaven,MS,39601,,"602 UNITED STATES HIGHWAY 51, BROOKHAVEN, MS 39601",31.59068512057797,-90.45502154694046,Street Address,MS,SUCCESSFUL ADDRESS
58183,1065 East Broad Street,,Monticello,MS,39654,,"1065 EAST BROAD STREET, MONTICELLO, MS 39654",31.55407036,-90.0998427,Street Address,MS,SUCCESSFUL ADDRESS
102283,204 Interchange Drive,,Fulton,MS,38843,,"204 INTERCHANGE DRIVE, FULTON, MS 38843",34.2410194374479,-88.3985229421711,Street Address,MS,SUCCESSFUL ADDRESS
58175,130 Highlands Parkway,,Picayune,MS,39466,,"130 HIGHLANDS PARKWAY, PICAYUNE, MS 39466",30.55006281,-89.66513169,Street Address,MS,SUCCESSFUL ADDRESS
58242,409 Tyler Holmes Drive,,Winona,MS,38967,,"409 TYLER HOLMES DRIVE, WINONA, MS 38967",33.4909256,-89.73855166,Street Address,MS,SUCCESSFUL ADDRESS
32354,500 W County Line Rd,,Tougaloo,MS,39174,,"500 W COUNTY LINE RD, TOUGALOO, MS 39174",32.40271900000005,-90.15940499999992,Street Address,MS,SUCCESSFUL ADDRESS
59794,567 S State St,,Jackson,MS,39201,,"567 S State St, Jackson, MS 39201",32.29443800033949,-90.18168099998712,Street Address,MS,SUCCESSFUL ADDRESS
84569,4715 Illinois Avenue,,Gulfport,MS,39501,,"4715 ILLINOIS AVENUE, GULFPORT, MS 39501",30.40683743379926,-89.10031987138164,Street Address,MS,SUCCESSFUL ADDRESS
58142,1102 Constitution Avenue,,Meridian,MS,39301,,"1102 CONSTITUTION AVENUE, MERIDIAN, MS 39301",32.36843764,-88.69903542,Street Address,MS,SUCCESSFUL ADDRESS
94908,2151 Chaulk Butte Road,,Cut Bank,MT,59427,,"2151 CHAULK BUTTE ROAD, CUT BANK, MT 59427",48.8444992987073,-112.54929644411428,Street Address,MT,SUCCESSFUL ADDRESS
86686,17 3Rd Avenue Southwest,,Conrad,MT,59425,,"17 3RD AVENUE SOUTHWEST, CONRAD, MT 59425",48.17121610593084,-111.9484240027894,Street Address,MT,SUCCESSFUL ADDRESS
80612,1750 Ray Of Hope Lane,,Billings,MT,59106,,"1750 RAY OF HOPE LANE, BILLINGS, MT 59106",45.737906857968326,-108.70096881211362,Street Address,MT,SUCCESSFUL ADDRESS
40758,100 E Cottonwood Dr,,Billings,Montana,59101,,"100 E COTTONWOOD DR, Billings, Montana 59101",48.218732,-114.27643,Street Address,MT,SUCCESSFUL ADDRESS
101455,120 North 19Th Avenue,,Bozeman,MT,59718,,"120 NORTH 19TH AVENUE, BOZEMAN, MT 59718",45.67989457723086,-111.06203110612012,Street Address,MT,SUCCESSFUL ADDRESS
44473,3204 W Colorado Ave,,Kalispell,Montana,59901,,"3204 W COLORADO AVE, Kalispell, Montana 59901",38.8553360000001,-104.875761,Street Address,MT,SUCCESSFUL ADDRESS
87387,429 West Park Avenue,,Bridger,MT,59014,,"429 WEST PARK AVENUE, BRIDGER, MT 59014",45.29731773169163,-108.91945549873678,Street Address,MT,SUCCESSFUL ADDRESS
98325,401 E Kalispell,,East Helena,MT,59635,,"401 E KALISPELL, EAST HELENA, MT 59635",46.59356412727429,-111.90652933756262,Street Address,MT,SUCCESSFUL ADDRESS
86790,1003 5Th Ave E,,Superior,MT,59872,,"1003 5TH AVE E, SUPERIOR, MT 59872",47.18702521907811,-114.8784756557,Street Address,MT,SUCCESSFUL ADDRESS
45062,702 S Main St,,Miles City,Montana,59301,,"702 S MAIN ST, Miles City, Montana 59301",48.1650880000001,-111.949312,Street Address,MT,SUCCESSFUL ADDRESS
51953,208 South Salisbury Avenue,,Spencer,NC,28159,,"208 South Salisbury Avenue, Spencer, NC 28159",35.6897846761445,-80.43224399424778,Street Address,NC,SUCCESSFUL ADDRESS
59193,615 Douglas Street,,Durham,NC,27705,,"615 DOUGLAS STREET, DURHAM, NC 27705",36.00994038,-78.9423253799999,Street Address,NC,SUCCESSFUL ADDRESS
50906,7050 Doyle Beam Memorial Road,,Vale,NC,28168,,"7050 Doyle Beam Memorial Road, Vale, NC 28168",35.49727012521351,-81.45558248949432,Street Address,NC,SUCCESSFUL ADDRESS
82255,5329 Cass Holt Road,,Holly Springs,NC,27540,,"5329 CASS HOLT ROAD, HOLLY SPRINGS, NC 27540",35.62802109924671,-78.84867174877851,Street Address,NC,SUCCESSFUL ADDRESS
51852,54 Fire Department Road,,Red Springs,NC,28377,,"54 Fire Department Road, Red Springs, NC 28377",34.73412322983308,-79.14315795929198,Street Address,NC,SUCCESSFUL ADDRESS
51284,632 Langdon Street,,Fayetteville,NC,28301,,"632 Langdon Street, Fayetteville, NC 28301",35.07800390463025,-78.8945677294697,Street Address,NC,SUCCESSFUL ADDRESS
71207,55 Lake Eden Road,,Black Mountain,NC,28711,,"55 LAKE EDEN ROAD, BLACK MOUNTAIN, NC 28711",35.61094196085491,-82.3739001511834,Street Address,NC,SUCCESSFUL ADDRESS
50887,1106 Turnpike Road,,Raeford,NC,28376,,"1106 Turnpike Road, Raeford, NC 28376",34.990191436198295,-79.24567443523593,Street Address,NC,SUCCESSFUL ADDRESS
29199,601 South College Road,,Wilmington,NC,28403,,"601 SOUTH COLLEGE ROAD, WILMINGTON, NC 28403",34.22522262200004,-77.87552676299998,Street Address,NC,SUCCESSFUL ADDRESS
50983,8401 Us Highway 158,,Stokesdale,NC,27357,,"8401 US Highway 158, Stokesdale, NC 27357",36.2414281248478,-79.9847218151128,Street Address,NC,SUCCESSFUL ADDRESS
30782,2101 East Broadway Avenue,,Bismarck,ND,58501,,"2101 EAST BROADWAY AVENUE, BISMARCK, ND 58501",46.80595445200004,-100.76003929399997,Street Address,ND,SUCCESSFUL ADDRESS
5660,1515 2Nd Ave W,,Williston,ND,58801,,"1515 2ND AVE W, WILLISTON, ND 58801",48.15915899990801,-103.62578299987186,Street Address,ND,SUCCESSFUL ADDRESS
6137,1249 166Th Ave Ne,,Buxton,ND,58218,,"1249 166TH AVE NE, BUXTON, ND 58218",47.59218799997805,-97.00556099967808,Street Address,ND,SUCCESSFUL ADDRESS
5912,202 Main Ave,,Mcleod,ND,58057,,"202 MAIN AVE, MCLEOD, ND 58057",46.39354399970104,-97.29934300017904,Street Address,ND,SUCCESSFUL ADDRESS
61135,2730 12Th Ave S,,Fargo,ND,58103,,"2730 12TH AVE S, FARGO, ND 58103",46.86306200020402,-96.8235319995847,Street Address,ND,SUCCESSFUL ADDRESS
88864,1989 N 20Th St,,Bismarck,ND,58501,,"1989 N 20TH ST, BISMARCK, ND 58501",46.828775481027535,-100.75665610103322,Street Address,ND,SUCCESSFUL ADDRESS
6166,5200 Gateway Dr,,Grand Forks,ND,58203,,"5200 GATEWAY DR, GRAND FORKS, ND 58203",47.93339299996544,-97.10455300028346,Street Address,ND,SUCCESSFUL ADDRESS
88203,400 E Avenue E,,Bismarck,ND,58501,,"400 E AVENUE E, BISMARCK, ND 58501",46.81432359507655,-100.78527719134988,Street Address,ND,SUCCESSFUL ADDRESS
44125,65 Main St,,Hannaford,North Dakota,58448,,"65 MAIN ST, Hannaford, North Dakota 58448",47.4234983100001,-99.7567090099999,Street Address,ND,SUCCESSFUL ADDRESS
5937,1155 21St Ave N,,Wahpeton,ND,58075,,"1155 21ST AVE N, WAHPETON, ND 58075",46.28950200026819,-96.6165409997535,Street Address,ND,SUCCESSFUL ADDRESS
49408,2305 Main St,,Omaha,Nebraska,68197,,"2305 MAIN ST, Omaha, Nebraska 68197",40.1997130000001,-105.102526,Street Address,NE,SUCCESSFUL ADDRESS
8065,2809 13Th St,,Columbus,NE,68601,,"2809 13TH ST, COLUMBUS, NE 68601",41.429322999815575,-97.362512000054,Street Address,NE,SUCCESSFUL ADDRESS
91633,2323 S Coddington St,,Lincoln,NE,68522,,"2323 S CODDINGTON ST, LINCOLN, NE 68522",40.78999729016738,-96.75055806804666,Street Address,NE,SUCCESSFUL ADDRESS
38541,231 N Main St,,Lincoln,Nebraska,68516,,"231 N MAIN ST, Lincoln, Nebraska 68516",42.6843190000001,-102.689884,Street Address,NE,SUCCESSFUL ADDRESS
39010,121 N Chestnut St,,Wisner,Nebraska,68791,,"121 N CHESTNUT ST, Wisner, Nebraska 68791",41.6890310000001,-98.3644209999999,Street Address,NE,SUCCESSFUL ADDRESS
7732,400 Antelope St,,Farnam,NE,69029,,"400 ANTELOPE ST, FARNAM, NE 69029",40.70672399975148,-100.21469800034411,Street Address,NE,SUCCESSFUL ADDRESS
29308,8702 North 30Th Street,,Omaha,NE,68112,,"8702 NORTH 30TH STREET, OMAHA, NE 68112",41.33916193400006,-95.96153890999992,Street Address,NE,SUCCESSFUL ADDRESS
39084,2501 13Th St,,Columbus,Nebraska,68601,,"2501 13TH ST, Columbus, Nebraska 68601",41.429263,-97.3583919999999,Street Address,NE,SUCCESSFUL ADDRESS
45437,1818 Harlan St,,Omaha,Nebraska,68114,,"1818 HARLAN ST, Omaha, Nebraska 68114",40.062955,-95.6017469999999,Street Address,NE,SUCCESSFUL ADDRESS
48156,16770 W Maple Rd,,Omaha,Nebraska,68197,,"16770 W MAPLE RD, Omaha, Nebraska 68197",41.2922580000001,-96.1757209999999,Street Address,NE,SUCCESSFUL ADDRESS
606,283 Main St,,Tilton,NH,03276,,"283 MAIN ST, TILTON, NH 03276",43.44253599984949,-71.58984100007707,Street Address,NH,SUCCESSFUL ADDRESS
30535,505 Amherst St,,Nashua,NH,03063,,"505 AMHERST ST, NASHUA, NH 03063",42.79457612000004,-71.52346229499994,Street Address,NH,SUCCESSFUL ADDRESS
629,15 Washington Ave,,Keene,NH,03431,,"15 WASHINGTON AVE, KEENE, NH 03431",42.94360699978604,-72.2752460001924,Street Address,NH,SUCCESSFUL ADDRESS
746,84 Nottingham Rd,,Raymond,NH,03077,,"84 NOTTINGHAM RD, RAYMOND, NH 03077",43.05723000015514,-71.15036799987399,Street Address,NH,SUCCESSFUL ADDRESS
693,919 Us Rt 3,,Holdernes,NH,03245,,"919 US RT 3, HOLDERNES, NH 03245",43.73118699992201,-71.59197900033475,Street Address,NH,SUCCESSFUL ADDRESS
3062,75 Winter St,,Keene,NH,03431,,"75 WINTER ST, KEENE, NH 03431",42.93397699972203,-72.2820550000773,Street Address,NH,SUCCESSFUL ADDRESS
661,92 Wilson St,,Keene,NH,03431,,"92 WILSON ST, KEENE, NH 03431",42.92925600021135,-72.27988500003258,Street Address,NH,SUCCESSFUL ADDRESS
714,48 Rod And Gun Club,,Chester,NH,03036,,"48 ROD AND GUN CLUB, CHESTER, NH 03036",42.983723999870215,-71.2017400000444,Street Address,NH,SUCCESSFUL ADDRESS
809,91 Wilson St,,Keene,NH,03431,,"91 WILSON ST, KEENE, NH 03431",42.92900299982949,-72.27991699981963,Street Address,NH,SUCCESSFUL ADDRESS
843,169 Daniel Plummer Rd,,Goffstown,NH,03045,,"169 DANIEL PLUMMER RD, GOFFSTOWN, NH 03045",42.987399000047006,-71.51990699979982,Street Address,NH,SUCCESSFUL ADDRESS
60623,2713 State Rt 23,Ste 7A2,Newfoundland,NJ,07435,,"2713 State Rt 23 Ste 7A2, Newfoundland, NJ 07435",41.04681999996957,-74.4408449998113,Street Address,NJ,SUCCESSFUL ADDRESS
30538,400 Paramus Rd,,Paramus,NJ,07652,,"400 PARAMUS RD, PARAMUS, NJ 07652",40.95178184200007,-74.08880359699997,Street Address,NJ,SUCCESSFUL ADDRESS
60769,380 Berry St,,Woodbridge,NJ,07095,,"380 BERRY ST, WOODBRIDGE, NJ 07095",40.55494699996124,-74.27512199956637,Street Address,NJ,SUCCESSFUL ADDRESS
29688,274 South Orange Avenue,,Newark,NJ,07103,,"274 SOUTH ORANGE AVENUE, NEWARK, NJ 07103",40.73855044900005,-74.19360780399995,Street Address,NJ,SUCCESSFUL ADDRESS
83916,3425 Cramer Street,,Camden,NJ,8105,,"3425 CRAMER STREET, CAMDEN, NJ 08105",39.95284731890985,-75.07673218538473,Street Address,NJ,SUCCESSFUL ADDRESS
71524,175 County Route 519 S,,Belvidere,NJ,07823,,"175 COUNTY ROUTE 519 S, BELVIDERE, NJ 07823",40.802471206853184,-75.08087059172355,Street Address,NJ,SUCCESSFUL ADDRESS
71717,71 Park Ave,,Flemington,NJ,08822,,"71 PARK AVE, FLEMINGTON, NJ 08822",40.51322546143326,-74.86056165795658,Street Address,NJ,SUCCESSFUL ADDRESS
58781,65 Highland Avenue,,Peapack,NJ,07977,,"65 HIGHLAND AVENUE, PEAPACK, NJ 07977",40.71218522,-74.64089839,Street Address,NJ,SUCCESSFUL ADDRESS
1003,12 Clinton Ave,APT 1,Jersey City,NJ,07304,,"12 CLINTON AVE APT 1, JERSEY CITY, NJ 07304",40.71517599973034,-74.07131799958104,Street Address,NJ,SUCCESSFUL ADDRESS
60988,1360 Route 9,,Toms River,NJ,08755,,"1360 Route 9, Toms River, NJ 08755",39.99439699989421,-74.21189599979002,Street Address,NJ,SUCCESSFUL ADDRESS
94943,610 Alta Vista,,Santa Fe,NM,87505,,"610 ALTA VISTA, SANTA FE, NM 87505",35.64333937017742,-106.03217888069264,Street Address,NM,SUCCESSFUL ADDRESS
21552,2000 Desert Dr,APT 8,Las Cruces,NM,88001,,"2000 DESERT DR APT 8, LAS CRUCES, NM 88001",32.330055999650256,-106.7718450003743,Street Address,NM,SUCCESSFUL ADDRESS
43937,206 Central Ave,,Alamogordo,New Mexico,88310,,"206 CENTRAL AVE, Alamogordo, New Mexico 88310",33.078943,-106.017859,Street Address,NM,SUCCESSFUL ADDRESS
21207,3604 N Sunset Ave,,Farmington,NM,87401,,"3604 N SUNSET AVE, FARMINGTON, NM 87401",36.76066099986793,-108.20451600042558,Street Address,NM,SUCCESSFUL ADDRESS
21620,2721 Arizona St Ne,,Albuquerque,NM,87110,,"2721 ARIZONA ST NE, ALBUQUERQUE, NM 87110",35.111760999847895,-106.57637500006314,Street Address,NM,SUCCESSFUL ADDRESS
88866,74 A Van Nu Po Rd,,Santa Fe,NM,87508,,"74 A VAN NU PO RD, SANTA FE, NM 87508",35.58390881604375,-106.01234246315006,Street Address,NM,SUCCESSFUL ADDRESS
95865,25 MI N OF GALLUP NM HWY 491,, TOHATCHI,NM ,87325,,"25 MI N OF GALLUP NM HWY 491, TOHATCHI, NM 87325",35.848831524350246,-108.74545132963786,,NM,SUCCESSFUL ADDRESS
41255,2145 E Lohman Ave,,Artesia,New Mexico,88210,,"2145 E LOHMAN AVE, Artesia, New Mexico 88210",32.3120170000001,-106.755175,Street Address,NM,SUCCESSFUL ADDRESS
56746,1700 Cerrillos Road,,Santa Fe,NM,87501,,"1700 CERRILLOS ROAD, SANTA FE, NM 87501",35.6683388800001,-105.97044038,Street Address,NM,SUCCESSFUL ADDRESS
9246,520 Sparrow Hawk Ct Se,,Albuquerque,NM,87123,,"520 SPARROW HAWK CT SE, ALBUQUERQUE, NM 87123",35.05459400005218,-106.50692500038286,Street Address,NM,SUCCESSFUL ADDRESS
18044,7446 Exotic Plum Ave,,Las Vegas,NV,89147,,"7446 EXOTIC PLUM AVE, LAS VEGAS, NV 89147",36.12154800015804,-115.25407000042844,Street Address,NV,SUCCESSFUL ADDRESS
85790,801 Veterans Memorial Drive,,Las Vegas,NV,89101,,"801 VETERANS MEMORIAL DRIVE, LAS VEGAS, NV 89101",36.179813200146654,-115.13707162838064,Street Address,NV,SUCCESSFUL ADDRESS
16019,7431 Bachelors Button Dr,,Las Vegas,NV,89131,,"7431 BACHELORS BUTTON DR, LAS VEGAS, NV 89131",36.2984880002353,-115.25686300008896,Street Address,NV,SUCCESSFUL ADDRESS
68937,990 Broyles Ranch Rd,,Battle Mountain,NV,89820,,"990 BROYLES RANCH RD, BATTLE MOUNTAIN, NV 89820",34.97157379992618,-120.57154209791818,Street Address,NV,SUCCESSFUL ADDRESS
61613,9555 S Eastern Ave,Ste 150,Las Vegas,NV,89123,,"9555 S Eastern Ave Ste 150, Las Vegas, NV 89123",36.015962000255726,-115.11936100029612,Street Address,NV,SUCCESSFUL ADDRESS
68229,5681 Boulder Highway,,Las Vegas,NV,89122,,"5681 BOULDER HIGHWAY, LAS VEGAS, NV 89122",35.34163841000074,-119.10255448456591,Street Address,NV,SUCCESSFUL ADDRESS
94097,10135 W Quail Ave,,Las Vegas,NV,89148,,"10135 W QUAIL AVE, LAS VEGAS, NV 89148",36.08249262213219,-115.3124828520653,Street Address,NV,SUCCESSFUL ADDRESS
13845,5985 Lindell Rd,,Las Vegas,NV,89118,,"5985 LINDELL RD, LAS VEGAS, NV 89118",36.080870000185925,-115.21645499994504,Street Address,NV,SUCCESSFUL ADDRESS
13527,610 E Sahara Ave,STE 11,Las Vegas,NV,89104,,"610 E SAHARA AVE STE 11, LAS VEGAS, NV 89104",36.14403999993946,-115.14608600037292,Street Address,NV,SUCCESSFUL ADDRESS
99798,3900 Paradise Road,,Las Vegas,NV,89169,,"3900 PARADISE ROAD, LAS VEGAS, NV 89169",36.11885559687431,-115.15462475125317,Street Address,NV,SUCCESSFUL ADDRESS
29602,533 College Rd,,Selden,NY,11784,,"533 COLLEGE RD, SELDEN, NY 11784",40.84896299100006,-73.05616540699998,Street Address,NY,SUCCESSFUL ADDRESS
83240,34 Moore Hill Rd,,Grahamsville,NY,12740,,"34 MOORE HILL RD, GRAHAMSVILLE, NY 12740",41.84880604879138,-74.53916039293797,Street Address,NY,SUCCESSFUL ADDRESS
103717,18 Eastwood Boulevard,,Centereach,NY,11720,,"18 EASTWOOD BOULEVARD, CENTEREACH, NY 11720",40.85985952618762,-73.07882746613822,Street Address,NY,SUCCESSFUL ADDRESS
915,817 Broadway,4TH FL STE 21,New York,NY,10003,,"817 BROADWAY 4TH FL STE 21, NEW YORK, NY 10003",40.733127999836135,-73.99115599976942,Street Address,NY,SUCCESSFUL ADDRESS
29460,100 Seymour Rd,,Utica,NY,13502,,"100 SEYMOUR RD, UTICA, NY 13502",43.13770100000004,-75.22984099999996,Street Address,NY,SUCCESSFUL ADDRESS
412,127 Emerson Pl,,Brooklyn,NY,11205,,"127 EMERSON PL, BROOKLYN, NY 11205",40.69364100032024,-73.96210900021023,Street Address,NY,SUCCESSFUL ADDRESS
52297,26 Smith Street,,Oceanside,NY,11572,,"26 Smith Street, Oceanside, NY 11572",40.64020628888177,-73.64085090834193,Street Address,NY,SUCCESSFUL ADDRESS
29792,425 E 9Th St,,Brooklyn,NY,11218,,"425 E 9TH ST, BROOKLYN, NY 11218",40.63819887100004,-73.96939470699994,Street Address,NY,SUCCESSFUL ADDRESS
59813,82 Court St,# 84,Binghamton,NY,13901,,"82 Court St # 84, Binghamton, NY 13901",42.098472000221285,-75.91197999991763,Street Address,NY,SUCCESSFUL ADDRESS
1381,24503 149Th Rd,,Rosedale,NY,11422,,"24503 149TH RD, ROSEDALE, NY 11422",40.65238800024871,-73.73836100044392,Street Address,NY,SUCCESSFUL ADDRESS
54252,223 Lock Street,,Lowell,OH,45744,,"223 Lock Street, Lowell, OH 45744",39.527366842422026,-81.50613292104859,Street Address,OH,SUCCESSFUL ADDRESS
37893,8034 Main Street,,Old Fort,Ohio,44861,,"8034 Main Street, Old Fort, Ohio 44861",41.24045,-83.149548,Street Address,OH,SUCCESSFUL ADDRESS
53169,128 Ash Alley,,Stone Creek,OH,43840,,"128 Ash Alley, Stone Creek, OH 43840",40.39640572366906,-81.56266013075067,Street Address,OH,SUCCESSFUL ADDRESS
53205,19987 State Highway 676,,Marietta,OH,45750,,"19987 State Highway 676, Marietta, OH 45750",39.443922438110825,-81.52178124990445,Street Address,OH,SUCCESSFUL ADDRESS
53147,1671 County Road 1A,,Ironton,OH,45638,,"1671 County Road 1A, Ironton, OH 45638",38.56772501100756,-82.7795596650071,Street Address,OH,SUCCESSFUL ADDRESS
72567,4500 Atlantic Blvd Ne,,Canton,OH,44705,,"4500 ATLANTIC BLVD NE, CANTON, OH 44705",40.83864706515944,-81.30851498798211,Street Address,OH,SUCCESSFUL ADDRESS
64449,28251 Lorain Rd,,North Olmsted,OH,44070,,"28251 Lorain Rd, North Olmsted, OH 44070",41.40993199998977,-81.9350160003708,Street Address,OH,SUCCESSFUL ADDRESS
53026,3780 Shady Lane,,North Bend,OH,45052,,"3780 Shady Lane, North Bend, OH 45052",39.16375151492841,-84.6993398937621,Street Address,OH,SUCCESSFUL ADDRESS
53279,14869 Us Highway 52,,Manchester,OH,45144,,"14869 US Highway 52, Manchester, OH 45144",38.69291876873182,-83.47954968692255,Street Address,OH,SUCCESSFUL ADDRESS
103363,1510 Columbus Avenue,,Washington Court House,OH,43160,,"1510 COLUMBUS AVENUE, WASHINGTON COURT HOUSE, OH 43160",39.548700036647766,-83.42550256761645,Street Address,OH,SUCCESSFUL ADDRESS
35030,13401 North Pennsylvania Avenue,,Oklahoma City,Oklahoma,73156,,"13401 North Pennsylvania Avenue, Oklahoma City, Oklahoma 73156",35.6058,-97.549445,Street Address,OK,SUCCESSFUL ADDRESS
70062,207 Sw 3Rd St,,Antlers,OK,74523,,"207 SW 3RD ST, ANTLERS, OK 74523",34.22896036771204,-95.62280587220734,Street Address,OK,SUCCESSFUL ADDRESS
69878,300 N 7Th Avenue,,Arapaho,OK,73620,,"300 N 7TH AVENUE, ARAPAHO, OK 73620",35.58007489375089,-98.96128589253112,Street Address,OK,SUCCESSFUL ADDRESS
81929,124 S 1St St,,Mountain View,OK,73062,,"124 S 1ST ST, MOUNTAIN VIEW, OK 73062",35.09702533921158,-98.74349225162096,Street Address,OK,SUCCESSFUL ADDRESS
100692,985 West Will Rogers Boulevard,,Claremore,OK,74017,,"985 WEST WILL ROGERS BOULEVARD, CLAREMORE, OK 74017",36.314180259748944,-95.62077104419512,Street Address,OK,SUCCESSFUL ADDRESS
59611,100 South Ellis,,Boise City,OK,73933,,"100 SOUTH ELLIS, BOISE CITY, OK 73933",36.72867274,-102.51806477,Street Address,OK,SUCCESSFUL ADDRESS
35083,400 East First Street,,Heavener,Oklahoma,74937,,"400 East First Street, Heavener, Oklahoma 74937",34.890127,-94.603374,Street Address,OK,SUCCESSFUL ADDRESS
60531,3856 Southwest Blvd,,Tulsa,OK,74107,,"3856 Southwest Blvd, Tulsa, OK 74107",36.106346999648586,-96.01826000039392,Street Address,OK,SUCCESSFUL ADDRESS
63137,907 S Detroit Ave,,Tulsa,OK,74120,,"907 S Detroit Ave, Tulsa, OK 74120",36.14873800007104,-95.98396200035106,Street Address,OK,SUCCESSFUL ADDRESS
100477,3700 South Western Avenue,,Oklahoma City,OK,73109,,"3700 SOUTH WESTERN AVENUE, OKLAHOMA CITY, OK 73109",35.42752594536858,-97.52976843706536,Street Address,OK,SUCCESSFUL ADDRESS
26650,501 Division Ave,UNIT 8,Eugene,OR,97404,,"501 DIVISION AVE UNIT 8, EUGENE, OR 97404",44.09783700019942,-123.11702000013224,Street Address,OR,SUCCESSFUL ADDRESS
85624,34555 Berg Rd,,Warren,OR,97053,,"34555 BERG RD, WARREN, OR 97053",45.81262283587581,-122.85462559290085,Street Address,OR,SUCCESSFUL ADDRESS
91471,333 58Th St,,Springfield,OR,97478,,"333 58TH ST, SPRINGFIELD, OR 97478",44.04970342276258,-122.924777510093,Street Address,OR,SUCCESSFUL ADDRESS
27258,404 Charles Ave,,Silverton,OR,97381,,"404 CHARLES AVE, SILVERTON, OR 97381",45.00153500023283,-122.78402399973874,Street Address,OR,SUCCESSFUL ADDRESS
26614,11321 Sw Naeve St,,Tigard,OR,97224,,"11321 SW NAEVE ST, TIGARD, OR 97224",45.409647000048274,-122.7933209996857,Street Address,OR,SUCCESSFUL ADDRESS
27035,865 N 9Th St,,Aumsville,OR,97325,,"865 N 9TH ST, AUMSVILLE, OR 97325",44.84846899973592,-122.87384900009351,Street Address,OR,SUCCESSFUL ADDRESS
26369,2515 Queen Ave Se,,Albany,OR,97322,,"2515 QUEEN AVE SE, ALBANY, OR 97322",44.62536699990617,-123.07429999965332,Street Address,OR,SUCCESSFUL ADDRESS
59726,1515 Village Drive,,Cottage Grove,OR,97424,,"1515 VILLAGE DRIVE, COTTAGE GROVE, OR 97424",43.8037278800001,-123.03969679,Street Address,OR,SUCCESSFUL ADDRESS
26038,7115 Se Woodstock Blvd,,Portland,OR,97206,,"7115 SE WOODSTOCK BLVD, PORTLAND, OR 97206",45.47953699977753,-122.5895600002564,Street Address,OR,SUCCESSFUL ADDRESS
47887,1211 E Mcandrews Rd,,Roseburg,Oregon,97470,,"1211 E MCANDREWS RD, Roseburg, Oregon 97470",42.3411360000001,-122.87132,Street Address,OR,SUCCESSFUL ADDRESS
29545,607 Beatty Rd,,Monroeville,PA,15146,,"607 BEATTY RD, MONROEVILLE, PA 15146",40.45161897500003,-79.75331900799995,Street Address,PA,SUCCESSFUL ADDRESS
61838,1313 Wilson St,,Mckeesport,PA,15132,,"1313 Wilson St, McKeesport, PA 15132",40.344126999680434,-79.83824100044326,Street Address,PA,SUCCESSFUL ADDRESS
70101,950 2Nd Ave,,Pittsburgh,PA,15219,,"950 2ND AVE, PITTSBURGH, PA 15219",40.43449309196695,-79.99345696194658,Street Address,PA,SUCCESSFUL ADDRESS
28728,1212 S Broad St,,Philadelphia,PA,19146,,"1212 S BROAD ST, PHILADELPHIA, PA 19146",39.935232238000026,-75.16767760199997,Street Address,PA,SUCCESSFUL ADDRESS
29830,3333 Fifth Ave,,Pittsburgh,PA,15213,,"3333 FIFTH AVE, PITTSBURGH, PA 15213",40.43985095800007,-79.96392665099994,Street Address,PA,SUCCESSFUL ADDRESS
30316,27 Memorial Drive West,,Bethlehem,PA,18015,,"27 MEMORIAL DRIVE WEST, BETHLEHEM, PA 18015",40.60662569800007,-75.37709514899996,Street Address,PA,SUCCESSFUL ADDRESS
49744,324 Glessner Road,,Johnstown,PA,15904,,"324 Glessner Road, Johnstown, PA 15904",40.28000118357073,-78.93545697687429,Street Address,PA,SUCCESSFUL ADDRESS
83457,174 High School Rd,,Damascus,PA,18415,,"174 HIGH SCHOOL RD, DAMASCUS, PA 18415",41.69850121383584,-75.07537261215165,Street Address,PA,SUCCESSFUL ADDRESS
31676,1921 Union Blvd,,Allentown,PA,18109,,"1921 UNION BLVD, ALLENTOWN, PA 18109",40.62585532500004,-75.42678049799996,Street Address,PA,SUCCESSFUL ADDRESS
60945,101 Washington Towne Blvd N,,Edinboro,PA,16412,,"101 Washington Towne Blvd N, Edinboro, PA 16412",41.8788569997519,-80.17203500035477,Street Address,PA,SUCCESSFUL ADDRESS
30727,482 Sur Calle Ramon Emerito Betances,,Mayaguez,PR,00680,,"482 SUR CALLE RAMON EMERITO BETANCES, MAYAGUEZ, PR 00680",18.18228200000004,-67.14570399999995,Street Address,PR,SUCCESSFUL ADDRESS
32907,3 Ramos Velez St,,Manati,PR,00674,,"3 RAMOS VELEZ ST, MANATI, PR 00674",18.42804895200004,-66.49308397799996,Street Address,PR,SUCCESSFUL ADDRESS
102678,140,,Guaynabo,PR,969,,"AVENIDA LAS CUMBRES FINAL 140, GUAYNABO, PR 00969",18.361568229765133,-66.11284130168428,Street Address,PR,SUCCESSFUL ADDRESS
31575,151 Tanca St,,"Corner San Francisco St, Old San Juan, San Juan",PR,00902,,"151 TANCA ST, CORNER SAN FRANCISCO ST, OLD SAN JUAN, SAN JUAN, PR 00902",18.466573000000043,-66.11390799999998,Street Address,PR,SUCCESSFUL ADDRESS
30723,80 West Mckinley St,,Mayaguez,PR,00681,,"80 WEST MCKINLEY ST, MAYAGUEZ, PR 00681",18.20240400000005,-67.14487499999996,Street Address,PR,SUCCESSFUL ADDRESS
30726,776 Ponce De Leon Avenue,,San Juan,PR,00925,,"776 PONCE DE LEON AVENUE, SAN JUAN, PR 00925",18.407247852000065,-66.05022066099997,Street Address,PR,SUCCESSFUL ADDRESS
29477,180 Jose Oliver St,,"Tres Monjitas Ind. Park, San Juan",PR,00918,,"180 JOSE OLIVER ST TRES MONJITAS IND. PARK, SAN JUAN, PR 00918",18.428527969000072,-66.06652882099996,Street Address,PR,SUCCESSFUL ADDRESS
59828,673 S Terminal Rd,,Fort Buchanan,PR,0934,,"673 S Terminal Rd, Fort Buchanan, PR 0934",18.41259999981104,-66.11459999999133,Street Address,PR,SUCCESSFUL ADDRESS
59838,7 Calle Tabonuco,,Guaynabo,PR,0968,,"7 Calle Tabonuco, Guaynabo, PR 0968",18.40479999989984,-66.10609999973748,Street Address,PR,SUCCESSFUL ADDRESS
82832,140 Calle Ramon Torres,# 12,Florida,PR,650,,"CARR 140 CALLE RAMON TORRES #12, FLORIDA, PR 00650",18.372014437842896,-66.56526517499798,Street Address,PR,SUCCESSFUL ADDRESS
3474,370 N Main St,,Woonsocket,RI,02895,,"370 N MAIN ST, WOONSOCKET, RI 02895",42.01053200030847,-71.51426899970186,Street Address,RI,SUCCESSFUL ADDRESS
3498,60 N Main St,,Woonsocket,RI,02895,,"60 N MAIN ST, WOONSOCKET, RI 02895",42.00658299975535,-71.51314999979346,Street Address,RI,SUCCESSFUL ADDRESS
3511,1515 Elmwood Avenue,,Cranston,RI,02910,,"1515 ELMWOOD AVENUE, CRANSTON, RI 02910",41.76748200003939,-71.42482099981395,Street Address,RI,SUCCESSFUL ADDRESS
3516,4 Wawaloam Dr,,Westerly,RI,02891,,"4 WAWALOAM DR, WESTERLY, RI 02891",41.3306179997791,-71.7623620003363,Street Address,RI,SUCCESSFUL ADDRESS
3352,358 Warwick Neck Ave,,Warwick,RI,02889,,"358 WARWICK NECK AVE, WARWICK, RI 02889",41.69482599984375,-71.37907500004594,Street Address,RI,SUCCESSFUL ADDRESS
3353,2119 Hartford Ave,,Johnston,RI,02919,,"2119 HARTFORD AVE, JOHNSTON, RI 02919",41.83034700017512,-71.53058600031923,Street Address,RI,SUCCESSFUL ADDRESS
3468,336 Norwood Ave,,Warwick,RI,02888,,"336 NORWOOD AVE, WARWICK, RI 02888",41.748874000215935,-71.4263530001742,Street Address,RI,SUCCESSFUL ADDRESS
3575,1400 Pawtucket Ave,,Rumford,RI,02916,,"1400 PAWTUCKET AVE, RUMFORD, RI 02916",41.83457700021444,-71.34812600023066,Street Address,RI,SUCCESSFUL ADDRESS
3269,300 Weybosset St,,Providence,RI,02903,,"300 WEYBOSSET ST, PROVIDENCE, RI 02903",41.82038399986536,-71.41383800041925,Street Address,RI,SUCCESSFUL ADDRESS
3392,1000 W Main Rd,,Portsmouth,RI,02871,,"1000 W MAIN RD, PORTSMOUTH, RI 02871",41.59211100012261,-71.2662150003238,Street Address,RI,SUCCESSFUL ADDRESS
61726,1313 Lady St,,Columbia,SC,29201,,"1313 Lady St, Columbia, SC 29201",34.00374300030851,-81.03178500026927,Street Address,SC,SUCCESSFUL ADDRESS
60994,140 Bee St,,Charleston,SC,29401,,"140 Bee St, Charleston, SC 29401",32.785153999722134,-79.95448800002782,Street Address,SC,SUCCESSFUL ADDRESS
103208,1405 Ben Sawyer Boulevard,,Mount Pleasant,SC,29464,,"1405 BEN SAWYER BOULEVARD, MOUNT PLEASANT, SC 29464",32.79317491161092,-79.85621427166237,Street Address,SC,SUCCESSFUL ADDRESS
32457,429 N Church St,,Spartanburg,SC,29303,,"429 N CHURCH ST, SPARTANBURG, SC 29303",34.95788687600004,-81.93482555799993,Street Address,SC,SUCCESSFUL ADDRESS
61722,312 Blythewood Rd,,Blythewood,SC,29016,,"312 Blythewood Rd, Blythewood, SC 29016",34.21213699997304,-80.98764999960598,Street Address,SC,SUCCESSFUL ADDRESS
103639,247 Columbia Avenue,,Lexington,SC,29072,,"247 COLUMBIA AVENUE, LEXINGTON, SC 29072",33.987626960462045,-81.24417998996528,Street Address,SC,SUCCESSFUL ADDRESS
70582,319 Goodale Rd,,Chesterfield,SC,29709,,"319 GOODALE RD, CHESTERFIELD, SC 29709",34.72048844857565,-80.09023573237678,Street Address,SC,SUCCESSFUL ADDRESS
71449,610 Hwy 9 W,,Bennettsville,SC,29512,,"610 HWY 9 W, BENNETTSVILLE, SC 29512",34.65247434931548,-79.71654752111644,Street Address,SC,SUCCESSFUL ADDRESS
31586,1650 Russell Street,,Orangeburg,SC,29115,,"1650 RUSSELL STREET, ORANGEBURG, SC 29115",33.49235300000004,-80.85693499999995,Street Address,SC,SUCCESSFUL ADDRESS
73032,1520 Ellis Ave,,Orangeburg,SC,29118,,"1520 ELLIS AVE, ORANGEBURG, SC 29118",33.51169505668945,-80.85199390864823,Street Address,SC,SUCCESSFUL ADDRESS
48773,339 W ANAHEIM ST,, Sioux Falls,South Dakota,57104,,"339 W ANAHEIM ST, Sioux Falls, South Dakota 57104",33.7797880000001,-118.266261,Street Address,SD,SUCCESSFUL ADDRESS
41168,4454 ROSWELL RD NE,Sioux Falls, Sioux Falls,South Dakota,57104,,"4454 ROSWELL RD NE, Sioux Falls, South Dakota 57104",33.8765930000001,-84.3800949999999,Street Address,SD,SUCCESSFUL ADDRESS
49400,11100 WAYZATA BLVD,, Sioux Falls,South Dakota,57106,,"11100 WAYZATA BLVD, Sioux Falls, South Dakota 57106",44.9721470000001,-93.4183059999999,Street Address,SD,SUCCESSFUL ADDRESS
38150,12 MAIN ST,, Sioux Falls,South Dakota,57104,,"12 MAIN ST, Sioux Falls, South Dakota 57104",46.441199,-108.541891,Street Address,SD,SUCCESSFUL ADDRESS
45572,2198 CHESTNUT ST,, Sioux Falls,South Dakota,57104,,"2198 CHESTNUT ST, Sioux Falls, South Dakota 57104",37.8004480000001,-122.439304,Street Address,SD,SUCCESSFUL ADDRESS
47231,4779 ATLANTA HWY,, Sioux Falls,South Dakota,57104,,"4779 ATLANTA HWY, Sioux Falls, South Dakota 57104",33.8330540000001,-83.8832859999999,Street Address,SD,SUCCESSFUL ADDRESS
46297,3535 5Th St,,Aberdeen,South Dakota,57401,,"3535 5TH ST, Aberdeen, South Dakota 57401",44.0518020000001,-103.225142,Street Address,SD,SUCCESSFUL ADDRESS
40745,3507 W BAY ST,, Sioux Falls,South Dakota,57104,,"3507 W BAY ST, Sioux Falls, South Dakota 57104",32.0973750000001,-81.1401129999999,Street Address,SD,SUCCESSFUL ADDRESS
40570,11 KITCHEN PL,, Sioux Falls,South Dakota,57104,,"11 KITCHEN PL, Sioux Falls, South Dakota 57104",35.5661840000001,-82.5427089999999,Street Address,SD,SUCCESSFUL ADDRESS
44857,488 E EVESHAM RD,, Sioux Falls,South Dakota,57104,,"488 E EVESHAM RD, Sioux Falls, South Dakota 57104",39.8650400000001,-74.9586499999999,Street Address,SD,SUCCESSFUL ADDRESS
73134,900 East Elk Avenue,,Elizabethton,TN,37643,,"900 EAST ELK AVENUE, ELIZABETHTON, TN 37643",36.34806825424673,-82.20868941118614,Street Address,TN,SUCCESSFUL ADDRESS
50555,198 Jubilee Drive,,Chattanooga,TN,37421,,"198 Jubilee Drive, Chattanooga, TN 37421",35.034648324363104,-85.20572806800092,Street Address,TN,SUCCESSFUL ADDRESS
49956,3529 East Parkway,,Gatlinburg,TN,37738,,"3529 East Parkway, Gatlinburg, TN 37738",35.75948212485111,-83.36611114610626,Street Address,TN,SUCCESSFUL ADDRESS
49785,235 Morris Road,,Savannah,TN,38372,,"235 Morris Road, Savannah, TN 38372",35.04328011736379,-88.05218871870977,Street Address,TN,SUCCESSFUL ADDRESS
64229,5409 Millertown Pike,,Knoxville,TN,37924,,"5409 Millertown Pike, Knoxville, TN 37924",36.03528200028192,-83.86940999970997,Street Address,TN,SUCCESSFUL ADDRESS
50784,20065 Us Highway 412 East,,Lexington,TN,38351,,"20065 US Highway 412 East, Lexington, TN 38351",35.63678118502586,-88.26929180306435,Street Address,TN,SUCCESSFUL ADDRESS
49810,337 Hales Bar Road,,Guild,TN,37340,,"337 Hales Bar Road, Guild, TN 37340",35.03213913856661,-85.53603488972618,Street Address,TN,SUCCESSFUL ADDRESS
50629,7691 Almaville Road,,Arrington,TN,37014,,"7691 Almaville Road, Arrington, TN 37014",35.8682830500949,-86.57969052515979,Street Address,TN,SUCCESSFUL ADDRESS
50227,435 North Broadway,,Portland,TN,37148,,"435 North Broadway, Portland, TN 37148",36.58769419847611,-86.52050353954704,Street Address,TN,SUCCESSFUL ADDRESS
50078,1111 Ridgeway Avenue,,Signal Mountain,TN,37377,,"1111 Ridgeway Avenue, Signal Mountain, TN 37377",35.131361036669944,-85.33406677309372,Street Address,TN,SUCCESSFUL ADDRESS
34681,1900 Sam Houston Street,,Liberty,Texas,77575,,"1900 Sam Houston Street, Liberty, Texas 77575",30.058763,-94.796881,Street Address,TX,SUCCESSFUL ADDRESS
100871,3821 West Spring Creek Parkway,,Plano,TX,75023,,"3821 WEST SPRING CREEK PARKWAY, PLANO, TX 75023",33.056995313860284,-96.7682966732624,Street Address,TX,SUCCESSFUL ADDRESS
34573,102 North Houston Street,,Cameron,Texas,76520,,"102 North Houston Street, Cameron, Texas 76520",30.850602,-96.977381,Street Address,TX,SUCCESSFUL ADDRESS
62462,2101 N Fulton St,,Wharton,TX,77488,,"2101 N Fulton st, Wharton, TX 77488",29.32971499992825,-96.09295800018484,Street Address,TX,SUCCESSFUL ADDRESS
61877,1800 Space Park Dr,,Houston,TX,77058,,"1800 Space Park Dr, Houston, TX 77058",29.548348000377967,-95.09110500027208,Street Address,TX,SUCCESSFUL ADDRESS
28509,911 Boling Hwy,,Wharton,TX,77488,,"911 BOLING HWY, WHARTON, TX 77488",29.324293934000025,-96.08519926999996,Street Address,TX,SUCCESSFUL ADDRESS
72930,400 Main Street,,Canadian,TX,79014,,"400 MAIN STREET, CANADIAN, TX 79014",35.91268211267367,-100.38308050223658,Street Address,TX,SUCCESSFUL ADDRESS
30372,4522 Fredericksburg Rd,,"A-85, San Antonio",TX,78201,,"4522 FREDERICKSBURG RD, A-85, SAN ANTONIO, TX 78201",29.49337200000009,-98.551158,Street Address,TX,SUCCESSFUL ADDRESS
101091,17907 Kuykendahl Road,,Spring,TX,77379,,"17907 KUYKENDAHL ROAD, SPRING, TX 77379",30.03250004739317,-95.48315075514397,Street Address,TX,SUCCESSFUL ADDRESS
30174,213 W Southmore St,SUITE 101,Pasadena,TX,77502,,"213 W SOUTHMORE ST SUITE 101, PASADENA, TX 77502",29.69044040900008,-95.21377168399994,Street Address,TX,SUCCESSFUL ADDRESS
95504,1610 N 250 W,,Sunset,UT,84015,,"1610 N 250 W, SUNSET, UT 84015",41.13725671619999,-112.0297298157742,Street Address,UT,SUCCESSFUL ADDRESS
44765,1 S Church Ave,STE 120,Salt Lake City,Utah,84133,,"1 S CHURCH AVE STE 120, Salt Lake City, Utah 84133",32.2217330000001,-110.972349,Street Address,UT,SUCCESSFUL ADDRESS
69828,1991 S State St,,Provo,UT,84606,,"1991 S STATE ST, PROVO, UT 84606",40.20778555380048,-111.62857812563288,Street Address,UT,SUCCESSFUL ADDRESS
92843,700 E 200 S,,Pleasant Grove,UT,84062,,"700 E 200 S, PLEASANT GROVE, UT 84062",40.36043814422866,-111.72486292985728,Street Address,UT,SUCCESSFUL ADDRESS
44207,500 E Prater Way,,Salt Lake City,Utah,84133,,"500 E PRATER WAY, Salt Lake City, Utah 84133",39.541928,-119.73733,Street Address,UT,SUCCESSFUL ADDRESS
48905,4753 W Daybreak Pkwy,,Salt Lake City,Utah,84133,,"4753 W DAYBREAK PKWY, Salt Lake City, Utah 84133",40.5464850000001,-112.004338,Street Address,UT,SUCCESSFUL ADDRESS
90770,650 E Pleasant Valley Dr,,Ogden,UT,84405,,"650 E PLEASANT VALLEY DR, OGDEN, UT 84405",41.159602909329166,-111.96359446115176,Street Address,UT,SUCCESSFUL ADDRESS
86923,2300 W 1900 N,,Lehi,UT,84043,,"2300 W 1900 N, LEHI, UT 84043",40.41076218922496,-111.88789878072822,Street Address,UT,SUCCESSFUL ADDRESS
67942,2400 North Washington Boulevard,,Ogden,UT,84414,,"2400 NORTH WASHINGTON BOULEVARD, OGDEN, UT 84414",37.31793765708982,-120.46771940148254,Street Address,UT,SUCCESSFUL ADDRESS
14449,300 N 1200 W,,Orem,UT,84057,,"300 N 1200 W, OREM, UT 84057",40.30237999973047,-111.72431099955682,Street Address,UT,SUCCESSFUL ADDRESS
61972,4901 Princess Anne Rd,,Virginia Beach,VA,23462,,"4901 Princess Anne Rd, Virginia Beach, VA 23462",36.82220000029381,-76.15309999973732,Street Address,VA,SUCCESSFUL ADDRESS
103126,1120 First Colonial Road,,Virginia Beach,VA,23454,,"1120 FIRST COLONIAL ROAD, VIRGINIA BEACH, VA 23454",36.866842052436,-76.02892261353573,Street Address,VA,SUCCESSFUL ADDRESS
62911,2926 Franklin Rd Sw,,Roanoke,VA,24014,,"2926 Franklin Rd SW, Roanoke, VA 24014",37.24487299986003,-79.96160900008226,Street Address,VA,SUCCESSFUL ADDRESS
70241,9320 Lee Ave,,Manassas,VA,20110,,"9320 LEE AVE, MANASSAS, VA 20110",38.7520023714736,-77.47917164223676,Street Address,VA,SUCCESSFUL ADDRESS
83931,22995 Minerva Drive,,Ashburn,VA,20148,,"22995 MINERVA DRIVE, ASHBURN, VA 20148",38.98015684270831,-77.52629665479455,Street Address,VA,SUCCESSFUL ADDRESS
81161,7945 Forest Hill Ave,,Richmond,VA,23225,,"7945 FOREST HILL AVE, RICHMOND, VA 23225",37.531686944150806,-77.54099444480727,Street Address,VA,SUCCESSFUL ADDRESS
102862,6201 Centreville Road,,Centreville,VA,20121,,"6201 CENTREVILLE ROAD, CENTREVILLE, VA 20121",38.82924323270905,-77.43416980506757,Street Address,VA,SUCCESSFUL ADDRESS
71801,1745 Jefferson Davis Hwy,,Stafford,VA,22555,,"1745 JEFFERSON DAVIS HWY, STAFFORD, VA 22555",38.406882169943074,-77.42250610194534,Street Address,VA,SUCCESSFUL ADDRESS
28517,301 Bendix Rd,STE 100,Virginia Beach,VA,23452,,"301 BENDIX RD, STE 100, VIRGINIA BEACH, VA 23452",36.83360193500005,-76.12419336699998,Street Address,VA,SUCCESSFUL ADDRESS
36484,113 West Main Street,,Independence,Virginia,24348,,"113 West Main Street, Independence, Virginia 24348",36.622203,-81.154112,Street Address,VA,SUCCESSFUL ADDRESS
1270,582 Rockingham Rd,,Bellows Falls,VT,05101,,"582 ROCKINGHAM RD, BELLOWS FALLS, VT 05101",43.16733699992628,-72.45719499991979,Street Address,VT,SUCCESSFUL ADDRESS
1290,218 Town Farm Rd,,Hardwick,VT,05843,,"218 TOWN FARM RD, HARDWICK, VT 05843",44.56177200019158,-72.36432500000937,Street Address,VT,SUCCESSFUL ADDRESS
1145,15 Jewett St,,Swanton,VT,05488,,"15 JEWETT ST, SWANTON, VT 05488",44.91350799982335,-73.11879599966538,Street Address,VT,SUCCESSFUL ADDRESS
1107,40 Washington St,,Barre,VT,05641,,"40 WASHINGTON ST, BARRE, VT 05641",44.19660500015857,-72.49967600002411,Street Address,VT,SUCCESSFUL ADDRESS
1275,316 Mission Farm Rd,,Killington,VT,05751,,"316 MISSION FARM RD, KILLINGTON, VT 05751",43.61967899973032,-72.75696799979788,Street Address,VT,SUCCESSFUL ADDRESS
1215,1063 Prim Rd,,Colchester,VT,05446,,"1063 PRIM RD, COLCHESTER, VT 05446",44.53929499969347,-73.24531400023865,Street Address,VT,SUCCESSFUL ADDRESS
36257,441 Main Street,,Orwell,Vermont,05760,,"441 Main Street, Orwell, Vermont 05760",43.803458,-73.301287,Street Address,VT,SUCCESSFUL ADDRESS
3072,110 Campbrook Rd,,Bethel,VT,05032,,"110 CAMPBROOK RD, BETHEL, VT 05032",43.85471400002098,-72.64949799957827,Street Address,VT,SUCCESSFUL ADDRESS
70172,35 Court St,,Middlebury,VT,05753,,"35 COURT ST, MIDDLEBURY, VT 05753",44.01148811891209,-73.1634978595949,Street Address,VT,SUCCESSFUL ADDRESS
1295,50 Elmore Rd,,Worcester,VT,05682,,"50 ELMORE RD, WORCESTER, VT 05682",44.3762150001829,-72.54911999999909,Street Address,VT,SUCCESSFUL ADDRESS
30318,200 University Parkway,,Yakima,WA,98901,,"200 UNIVERSITY PARKWAY, YAKIMA, WA 98901",46.60287184500004,-120.45597973099996,Street Address,WA,SUCCESSFUL ADDRESS
70160,3507 S Spotted Rd,,Spokane,WA,99260,,"3507 S SPOTTED RD, SPOKANE, WA 99260",47.62193918861296,-117.51497319690164,Street Address,WA,SUCCESSFUL ADDRESS
80270,545 Williams St,,Mossyrock,WA,98564,,"545 WILLIAMS ST, MOSSYROCK, WA 98564",46.5314044972441,-122.48594388220012,Street Address,WA,SUCCESSFUL ADDRESS
30170,226 South Orcas Street,,Seattle,WA,98108,,"226 SOUTH ORCAS STREET, SEATTLE, WA 98108",47.67598994500002,-122.31771230099994,Street Address,WA,SUCCESSFUL ADDRESS
99684,2005 West Main Street,,Battle Ground,WA,98604,,"2005 WEST MAIN STREET, BATTLE GROUND, WA 98604",45.78010274439171,-122.55893164689525,Street Address,WA,SUCCESSFUL ADDRESS
72759,1935 1St Ave,,Longview,WA,98632,,"1935 1ST AVE, LONGVIEW, WA 98632",46.14227862875091,-122.91878363368824,Street Address,WA,SUCCESSFUL ADDRESS
99841,702 South Park Avenue,,Deer Park,WA,99006,,"702 SOUTH PARK AVENUE, DEER PARK, WA 99006",47.94769157391348,-117.47933973203384,Street Address,WA,SUCCESSFUL ADDRESS
64367,32885 State Route 20,,Oak Harbor,WA,98277,,"32885 State Route 20, Oak Harbor, WA 98277",48.305860000196354,-122.64546400013684,Street Address,WA,SUCCESSFUL ADDRESS
83770,1718 Pleasant St,,Walla Walla,WA,99362,,"1718 PLEASANT ST, WALLA WALLA, WA 99362",46.06180281176071,-118.29992692884056,Street Address,WA,SUCCESSFUL ADDRESS
30176,2501 Elliott Avenue,,Seattle,WA,98121,,"2501 ELLIOTT AVENUE, SEATTLE, WA 98121",47.61337345300007,-122.35094540699995,Street Address,WA,SUCCESSFUL ADDRESS
72385,63 Western Ave,,Fond Du Lac,WI,54935,,"63 WESTERN AVE, FOND DU LAC, WI 54935",43.7736992850573,-88.44918585769037,Street Address,WI,SUCCESSFUL ADDRESS
72528,500 Forest St,,Wausau,WI,54403,,"500 FOREST ST, WAUSAU, WI 54403",44.95797624404676,-89.62487596663269,Street Address,WI,SUCCESSFUL ADDRESS
80250,708 Loomis Dr,,Mauston,WI,53948,,"708 LOOMIS DR, MAUSTON, WI 53948",43.788138701844666,-90.08413595533573,Street Address,WI,SUCCESSFUL ADDRESS
72521,30 N 3Rd St,,Black River Falls,WI,54615,,"30 N 3RD ST, BLACK RIVER FALLS, WI 54615",44.29580300163658,-90.8516397207482,Street Address,WI,SUCCESSFUL ADDRESS
37551,3601 Main Street,,Stevens Point,Wisconsin,54481,,"3601 Main Street, Stevens Point, Wisconsin 54481",44.523162,-89.549741,Street Address,WI,SUCCESSFUL ADDRESS
101708,375 West River Woods Parkway,,Glendale,WI,53212,,"375 WEST RIVER WOODS PARKWAY, GLENDALE, WI 53212",43.09716785301948,-87.91151760363003,Street Address,WI,SUCCESSFUL ADDRESS
102234,1910 Alabama Street,,Sturgeon Bay,WI,54235,,"1910 ALABAMA STREET, STURGEON BAY, WI 54235",44.850556554605696,-87.34788121746905,Street Address,WI,SUCCESSFUL ADDRESS
73067,4300 Sherman Rd,,Winnebago,WI,54985,,"4300 SHERMAN RD, WINNEBAGO, WI 54985",44.079074750332445,-88.51467644447051,Street Address,WI,SUCCESSFUL ADDRESS
73524,1730 W Snell Rd,,Oshkosh,WI,54901,,"1730 W SNELL RD, OSHKOSH, WI 54901",44.07161963177823,-88.5571425586541,Street Address,WI,SUCCESSFUL ADDRESS
72513,4986 County Highway M,,Oregon,WI,53575,,"4986 COUNTY HIGHWAY M, OREGON, WI 53575",42.95086774003537,-89.38595471087315,Street Address,WI,SUCCESSFUL ADDRESS
54521,1695 Elizabeth Pike,,Mineral Wells,WV,26150,,"1695 Elizabeth Pike, Mineral Wells, WV 26150",39.1795128001161,-81.5132618999394,Street Address,WV,SUCCESSFUL ADDRESS
29091,1000 Mississippi Street,,Morgantown,WV,26501,,"1000 MISSISSIPPI STREET, MORGANTOWN, WV 26501",39.61116481200003,-79.95727510199998,Street Address,WV,SUCCESSFUL ADDRESS
54469,208 Kimball Avenue,,Pennsboro,WV,26415,,"208 Kimball Avenue, Pennsboro, WV 26415",39.28486119994532,-80.96922230032905,Street Address,WV,SUCCESSFUL ADDRESS
62998,9912 Mall Loop,,Fairmont,WV,26554,,"9912 Mall Loop, Fairmont, WV 26554",39.42846599974438,-80.18726900015044,Street Address,WV,SUCCESSFUL ADDRESS
80800,611 Cherry Hill Road,,Philippi,WV,26416,,"611 CHERRY HILL ROAD, PHILIPPI, WV 26416",39.15210023929769,-80.06553219733695,Street Address,WV,SUCCESSFUL ADDRESS
54621,2568 State Highway 75,,Kenova,WV,25530,,"2568 State Highway 75, Kenova, WV 25530",38.35523223921481,-82.53147125296715,Street Address,WV,SUCCESSFUL ADDRESS
84152,205 School House Drive,,Evans,WV,25241,,"205 SCHOOL HOUSE DRIVE, EVANS, WV 25241",38.82183580600597,-81.78243154387572,Street Address,WV,SUCCESSFUL ADDRESS
80236,99 Fairground Road,,Glenville,WV,26351,,"99 FAIRGROUND ROAD, GLENVILLE, WV 26351",38.93577252983698,-80.81864180467147,Street Address,WV,SUCCESSFUL ADDRESS
72192,1001 Centre Way,,Charleston,WV,25309,,"1001 CENTRE WAY, CHARLESTON, WV 25309",38.31066186751679,-81.71027728323398,Street Address,WV,SUCCESSFUL ADDRESS
82639,1 Highlander Way,,Huntington,WV,25701,,"1 HIGHLANDER WAY, HUNTINGTON, WV 25701",38.3935465628451,-82.39857847565943,Street Address,WV,SUCCESSFUL ADDRESS
90655,15651 Highway 487,,Casper,WY,82604,,"15651 HIGHWAY 487, CASPER, WY 82604",42.65237946182463,-106.44289441733578,Street Address,WY,SUCCESSFUL ADDRESS
86271,215 Springview,,Thermopolis,WY,82443,,"215 SPRINGVIEW, THERMOPOLIS, WY 82443",43.64814131292492,-108.20826093221632,Street Address,WY,SUCCESSFUL ADDRESS
18272,544 S Grant,,Casper,WY,82601,,"544 S GRANT, CASPER, WY 82601",42.84523300000343,-106.3168139996121,Street Address,WY,SUCCESSFUL ADDRESS
18447,102 S Connor St,,Sheridan,WY,82801,,"102 S CONNOR ST, SHERIDAN, WY 82801",44.79624599995984,-106.95182999992127,Street Address,WY,SUCCESSFUL ADDRESS
18096,520 Cy Ave,,Casper,WY,82601,,"520 CY AVE, CASPER, WY 82601",42.83952399983661,-106.3309000000854,Street Address,WY,SUCCESSFUL ADDRESS
85668,562 County Road 144,,Ranchester,WY,82839,,"562 COUNTY ROAD 144, RANCHESTER, WY 82839",44.90546819109536,-107.1809590088508,Street Address,WY,SUCCESSFUL ADDRESS
63493,1920 Thomes Ave,Ste 510,Cheyenne,WY,82001,,"1920 Thomes Ave Ste 510, Cheyenne, WY 82001",41.13456900007955,-104.82139499963536,Street Address,WY,SUCCESSFUL ADDRESS
18194,601 Carey Ave,,Gillette,WY,82716,,"601 CAREY AVE, GILLETTE, WY 82716",44.28902900002074,-105.50099299959828,Street Address,WY,SUCCESSFUL ADDRESS
18157,1800 S Conwell St,,Casper,WY,82601,,"1800 S CONWELL ST, CASPER, WY 82601",42.83125900000344,-106.30744899989308,Street Address,WY,SUCCESSFUL ADDRESS
18460,3101 College Dr,,Rock Springs,WY,82901,,"3101 COLLEGE DR, ROCK SPRINGS, WY 82901",41.5967559998091,-109.24015099999716,Street Address,WY,SUCCESSFUL ADDRESS
